comcast: merger to bring “$8 billion in price reductions” to businesses URL apple tech,0.0
confused about the apple watch ui? memorize this cheat sheet URL apple,0.0
cuba inches toward a more connected future while the world watches: it's been less than four mon... URL jumia apple,0.0
cuba inches toward a more connected future while the world watches: it's been less than four months sin... URL apple,0.0
dash cam video shows police cruiser running over suspect in arizona URL us usworld tech startups apple news kot,0.0
"deadly wildfires sweep across siberia, scorching entire towns URL climate russia tech startups apple news kot",6.0
dear apple can someone tell me why they made all the plucking emojis blonde in new ios 8.1.3 update?,0.0
patent wars: google vs. samsung vs. apple vs. motorola vs. microsoft vs. oracle - URL,2.0
pest identifier available in the apple store URL,2.0
procurement like apple: how to audit suppliers effectively to mitigate risk - sourcing supplymgmt - URL,6.0
purchase electronics apple ipad mini 2 16gb wifi with retina display tablet pcs URL URL,2.0
retweet learn spanish on your macbook. with more than 4000 words URL apple education learning osx edtech,6.0
samsung google announce new phone and then the apple applestore goes down. a little strange or am i reading too much into this?,2.0
samsung news samsung struggles to keep up with apple's juicy profit margins: one of t... URL URL,6.0
samsung struggles to keep up with apple's juicy profit margins - forbes aapl URL,2.0
silver &gold apple tumbles no matter how many sold microsoft buys them 4 a nice price so get in there show justsayin droid rules inend,2.0
siri i could have done with out its not that great iphone4s i hear the iphone5 is coming out 2013 AT_USER,2.0
"siri on AT_USER iphone4s can allow unauthorized access to texts and emails, even when the phone is locked!! URL",2.0
steve jobs tribute iphone 4s cases now available iphonecases URL stevejobstributecases AT_USER AT_USER AT_USER,2.0
stockiexchange episode 2 is live! learn 3 marketing opps. from the apple ios83 update. hustle vaynernation URL,2.0
techupdate how to check your iphone warranty URL apple mobiles warranty,2.0
ios5 needed to include a landscape mode for reminders AT_USER,2.0
iphone iphone 6s rumors: 5 things to know in april - gotta be mobile: gotta be mobileiphone 6s ru... URL ios apple,2.0
iphone killer: the secret history of the apple watch | wired URL,2.0
iphone4s in space URL via AT_USER nasa AT_USER,2.0
iphone5 can you please make the battery last longer thanks AT_USER,0.0
"job ict system administrator windows: gsi consultants, zug URL microsoft it",2.0
lg top 10 best android smartwatches buyers guide: april 2015 edition: with lg's watch urbane and the... URL android,2.0
"microsoft cloud steve ballmer at web 2.0: microsoft ceo disses android, iphone: according to geekwire, ba... URL tcn",2.0
microsoft surface 3 first look: gadget watch URL,2.0
microsoft surface 3 first look: gadget watch URL,2.0
microsoft AT_USER microsoft - macro in word 2007 (gerardopaolillo) URL,2.0
damn group meeting disturbin me from watchin the google event,2.0
"de la nada mi iphone4 se fue a negro y empezó a vibrar, hubo que resetearlo, que onda con ios5 wtfh AT_USER",2.0
dear AT_USER can i still use iweb for my mobileme website if i convert to icloud with my apple id for mail and ical??? help dtv thanks!,2.0
"dear AT_USER please invent ""facetime voicemails."" sincerely, haendel balzora jr. apple",2.0
"dear AT_USER as a hoh/deaf user, can you please add options for stronger and longer vibrate for iphone4s ? thank you! hoh deaf ally",2.0
dear AT_USER why did my apple id change to my colleagues&39; when i charged on her mac? now can&39;t download or update apps. iphone,2.0
"dear AT_USER yesterday you sucked. today you're awesome! thanks lp apple store, crash and burn mich ave store.",2.0
dear AT_USER integrated tweeting in ios5 rawks. plz consider adding @ and # lookup like AT_USER app. thx! URL,2.0
dear invisible intern/assistant: please go pick up my computer from the AT_USER hospital so i can upgrade to ios5. thanks!,2.0
did apple and its ad designers steal from brazilian artist britto? - URL apple britto infinite_loop,2.0
die applewatch aus der zukunft. this is the future! :d applewatch apple watch mehralsgrößer URL,6.0
do wish AT_USER would come up with a native AT_USER mac version of their video editor especially with hd video. but love everything AT_USER,2.0
does anyone know if ios will be getting the custom reply feature for the microsoft band? iphone microsoft band smartband,2.0
easiest way to use evernote with iphone 4s siri. just tell siri to email evernote and say your note. AT_USER AT_USER evernote siri,2.0
fight: galaxy nexus vs. droid razr vs. iphone 4s URL android iphone google,2.0
final cut pro x 10.2 initial impressions in 4k ultrahd fcpx102 apple finalcutpro review mac 4k URL via AT_USER,2.0
flowers & apples shower the santa monica AT_USER store in honor of stevejobs URL,2.0
forex scalping techniques URL apple iphone ipad ios earnings,2.0
found out the hard way today that AT_USER does not work with AT_USER ios5 yet when you are following a link for a meeting..,2.0
fregon el nuevo facebook para ipod/iphone haha alomejor ya tiene rato pero yo lo acabo de actualizar AT_USER,2.0
gmusic unites google music with apple ios [apps] URL,6.0
gmusic unites google music with apple ios [apps] URL,6.0
apple iphones devices are most popular camera in the world URL news,4.0
apple is preparing to make music streaming a big part of itunes URL via AT_USER,6.0
apple is stocking up on futuristic camera... URL URL,4.0
apple just dropped a big clue about a major new product coming in june - read at business insider: URL,4.0
apple makes last-minute decision to use tsmc for 30 of a9 chi..-facing poor yield rates from chipmaker globalfo..URL,4.0
apple microsoft updates office 2016 for mac preview,4.0
"apple named its watch applewatch because i-watch would have encouraged people to answer ""you-perv"". that's why they make billions, folks..",4.0
apple offers more wwdc scholarships to promote diversity URL,4.0
apple offers more wwdc scholarships to promote diversity URL,4.0
apple patches safari cookie vulnerability URL computers,4.0
apple proposes to set up 3 plants in india for iphone development URL,4.0
apple reportedly is in talks with taylorswift to promote its new streaming service spotify jayz AT_USER URL,4.0
apple samsung electronics co has created a team just for apple inc screens as relations thaw: sources: … wor... URL,4.0
apple set to announce new products at wwdc2015 URL,4.0
apple stepping up there game! lmaoo URL,6.0
apple to offer more scholarships to promote diversity at wwdc URL,4.0
apple to revamp ios music app before unveiling its streaming service - URL via URL,4.0
apple unleashes open-source researchkit: URL,6.0
apple watch app puts tv remote on your wrist URL,4.0
apple watch sales reach nearly 1m on first day of orders URL URL,4.0
apple watch to make special appearance at 2015 salone del mobile in milan URL URL AT_USER,2.0
apple watch with gold link bracelet bestowed upon designer URL,4.0
apple winning the app store wars blogtool: the end game in business is always about revenue and profit. for... URL,4.0
"apple: rising interest in watch, says morgan stanley; now leading wearables brands URL applewatch",4.0
apple’s $20 million tech company buy hints at even better iphone cameras in the future. details: URL via AT_USER,4.0
apple’s app store widens revenue lead over google play – report URL URL,4.0
apple’s app store widens revenue lead over google play URL URL,4.0
apple’s hugest reveal this week:those crazy new batteries URL via AT_USER tech analytics,4.0
apple’s latest acquisition could revolutionize iphone camera URL,4.0
"applenews apple microsoft updates office 2016 for mac preview, intros new iphone apps for office 365 URL",4.0
applepay banks – apple faces local battles as it prepares global payments push… URL apple business andrewhumphrey,4.0
applepay banks – apple faces local battles as it prepares global payments push… URL apple business andrewhumphrey,4.0
apple's ios AT_USER widens revenue lead over google play in q1 2015 URL,4.0
apple's researchkit is now available to researchers and developers: URL,2.0
apple's extra-slim macbook is near impossible... URL URL,4.0
apple's greatest invention: marketing by doing. apple practices marketing by simply being a pioneer. boiled URL,4.0
apple's plans for an iphone with dslr-quality camera all but confirmed with linx acquisition URL,4.0
appleteam applevssamsung – samsung said to create apple team in display unit to boost ties :… URL apple samsung,4.0
appleteam applevssamsung – samsung said to create apple team in display unit to boost ties :… URL apple samsung,4.0
bigdata and its use getting bigger.. ibm and apple join hands! URL,4.0
camera linx – apple reportedly acquires camera tech firm linx for an estimated $20… URL apple business acquires,4.0
camera linx – apple reportedly acquires camera tech firm linx… URL apple business acquires URL,4.0
camera linx – apple reportedly acquires camera tech firm linx… URL apple business acquires URL,4.0
engadget apple considered messenger like status options for phonecalls URL,4.0
everyweargames target apple watches as their primary device wearables finland tech URL,4.0
google icecreamsandwich totally blowing apple ishit away...,4.0
google and apple winning the internetofthings iot URL,4.0
"google's icecreamsandwich was revealed. i'm getting an android whenever i get a new phone, but i'm keeping my iphone for now.",4.0
huawei p8 p8max making sense than any other android manufacturer. drools a lesson for all samsung htc apple doitright,4.0
ibm and apple join forces on health analytics cloud URL URL,4.0
ibm and apple to share health data. mobile iot wearables URL,2.0
ibm announces deals with apple,2.0
ios5 is nice and as it had to be ! thanks AT_USER,4.0
ios5 update submitted to AT_USER thanks for all the support!,4.0
"ios8 ios9 – with ios 9 around the corner, ios 8 adoption stops dead in its… URL ipad iphone apple ios ios8",4.0
iphone 4s in space URL this is amazing creative AT_USER your products inspire people to do unbelievable things,4.0
iphone 7 to get dslr-quality camera from latest apple inc. acquisition URL,4.0
microsoft delve mobile apps now available for android and ios devices: URL office365,2.0
microsoft @ isb... watching the new windows 8 in action...pretty impressive! finally a contender to mac os.. interesting battle in store,4.0
microsoft releases ‘office delve’ app for iphone URL URL,2.0
microsoft studios set to launch ‘major’ dlc for critically acclaimed xbox one puzzler… URL URL,4.0
ming-chikuo: global apple watch pre-orders exceed 2.3 million units URL URL,4.0
news apple apple gives custom apple watch with gold link bracelet to designer karl lagerfel... URL rumors mac in,4.0
"news apple skype 7.7 for mac adds web link previews, fixes: skype today released version 7.7 of its mac app... URL",4.0
"news apple tumblr for ios adds blog creation, trending tags widget, quick video embedding, more: tumblr i... URL",4.0
"news for apple fans! the mint app is available now for applewatch, which hits stores 4/24: URL URL",4.0
nokia alcatellucent – nokia to buy alcatel-lucent in… URL business tech alcatellucent alcatellucent apple,6.0
retweet learn french on your macbook. with more than 4000 words URL apple education learning osx edtech,6.0
samsung apple – samsung is creating a team that will make screens for apple devices only – samsung… URL business a9,4.0
samsung apple – samsung is creating a team that will make screens for apple devices only – samsung… URL business a9,4.0
samsung apple's linx imaging acquisition: the israeli startup that will give iphones p... URL URL,4.0
samsung creates team of about 200 employees working exclusively on apple products URL,4.0
samsung creates team to make screens for apple devices - bloomberg via AT_USER URL URL,4.0
samsung devotes a team of 200 to making apple displays. co-opetition mobile smartphone URL via AT_USER,4.0
samsung forms dedicated 200 to work exclusively on apple products. AT_USER sig intellectualproperty URL,4.0
samsung galaxy nexus = orbital laser. apple iphone 4s = wooden stick google,4.0
samsung has a team of 200 people dedicated to making apple displays - URL macbooks,4.0
samsung has a team of 200 people dedicated to making apple displays - URL macbooks,4.0
samsung sets up 200 person team to build displays for apple URL,4.0
comet lander offers fresh insights about planet formation: the philae comet lander might be slum... URL jumia apple,6.0
comet lander offers fresh insights about planet formation: the philae comet lander might be slumb... URL tech apple,6.0
coming up for air - kodaline URL apple,6.0
company executives poorly placed to handle rising cyber risk: kpm URL technologynews tech startups apple news kot,6.0
complimenti sinceri ad AT_USER per ios5 va benissimo su iphone e ipad,6.0
computer sciences corp to cut 10 percent of nordic staff URL technologynews tech startups apple news kot,6.0
connected apple analyst says tsmc will provide 30 of a9 chips for next iphone URL,6.0
conservative group to audition republican candidates for 2016 URL politicsnews tech startups apple news kot,6.0
che palle sto cacchio di wp7 di merda con un whatsapp che funziona di cacca per colpa del sistema di notifica! AT_USER send me an iphone,6.0
check out apple iphone 3g - 8gb - black (at&amp,6.0
check out awesome videos on the brink of going viral with the ivvi app URL apple iphone ipad,4.0
check out daisychainusb - multi usb adapter/splitter for apple/android by nicholas seet AT_USER URL iphone apple,6.0
check this out! URL promomyshop qpq twitter iphone microsoft windows music photo flora art,6.0
chemistry with the periodic elements is magic? not with this learn iphone app! URL apple rt edtech chemistry,6.0
china 33. tedtalks (video) - tedtalks URL podcast itunes iphone apple,6.0
china 38. ted radio hour - npr URL podcast itunes iphone apple,6.0
china 43. intelligence squared u.s. debates - npr URL podcast itunes iphone apple,6.0
china 45. ted2015 special podcast - ted conferences llc URL podcast itunes iphone apple,6.0
china 47. 60-second science - scientific american URL podcast itunes iphone apple,6.0
china 49. discovery - bbc world service URL podcast itunes iphone apple,6.0
china 51. apple keynotes - apple URL podcast itunes iphone apple,6.0
china 55. american english pronunciation podcast - seattle learning academy URL podcast itunes iphone apple,6.0
china 56. international edition - voice of america - voa URL podcast itunes iphone apple,6.0
china 93. big hero 6 official uk podcast - disney URL podcast itunes iphone apple,6.0
china collections 22. justice with michael sandel - professor michael j. sandel URL itunesu itunes iphone apple mac,6.0
china collections 29. masters of photography - national geographic live URL itunesu itunes iphone apple mac,6.0
china collections 34. building a business - oxford university URL itunesu itunes iphone apple mac,6.0
china collections 37. taylor swift (hd) - academy of achievement URL itunesu itunes iphone apple mac,6.0
china collections 45. harvard thinks big - harvard university URL itunesu itunes iphone apple mac,6.0
china collections 54. leadership - cranfield university URL itunesu itunes iphone apple mac,6.0
china collections 55. steve jobs - academy of achievement URL itunesu itunes iphone apple mac,6.0
china collections 57. music - mcgill university URL itunesu itunes iphone apple mac,6.0
china collections 63. game theory - video - ben polak URL itunesu itunes iphone apple mac,6.0
china collections 64. exploring the past - national geographic live URL itunesu itunes iphone apple mac,6.0
china collections 76. office by knight - ms office 2007 - barbara knight URL itunesu itunes iphone apple mac,6.0
china paid 100. total unarchiver free - zip-rar inc. URL mac itunes apps apple,6.0
china paid 58. speed test - now check your internet speed - sun zhi feng URL mac itunes apps apple,6.0
china paid 60. oddworld: stranger's wrath - oddworld inhabitants inc URL mac itunes apps apple,6.0
china paid 62. lumino city - state of play games URL mac itunes apps apple,6.0
china paid 63. jpegmini - icvt ltd. URL mac itunes apps apple,6.0
china paid 67. spotlife - chronos inc. URL mac itunes apps apple,6.0
china paid 68. antivirus by max secure - max secure software india private limited URL mac itunes apps apple,6.0
china paid 73. subtitles theeditor - wide sd URL mac itunes apps apple,6.0
china paid 74. shades - alteru inc. URL mac itunes apps apple,6.0
"démo, création d'un cluster par AT_USER vad microsoft visualstudio datamining URL",6.0
damn ...it's fun testing how good my time estimation is - really cool :) URL game ios retweet app apple time,6.0
dennis quaid’s meltdown was actually part of this funny or die prank URL apple,6.0
desbloquear el telefono con reconocimiento facial vs la habilidad de interactuar con tu voz apple vs google,6.0
die apple story heute abend in dok auf sf1 war ziemlich beeindruckend r.i.p. stevejobs - doch wo wäre apple heute ohne microsoft ?,6.0
dime porque demonios existes twitter ?! oh si! para causarle insomnio a cualquera que pase no?,6.0
do i want to invest in apple....,6.0
do you like dance? apple apps on applestore itunes radio webradio music top40 URL,6.0
do you need to capture your work time? timesheet for ios is cool and works easy. URL apple timecard freelance time,6.0
do you need to capture your work time? timesheet for ios is cool and works easy. URL apple timecard freelance time,6.0
dormi turns android smartphones or tablets into a video baby monitor URL apple,6.0
download google play store 5.4.12 apk URL apple,6.0
"dropbox, el servicio de almacenamiento en la nube, por las nubes URL web microsoft tecnologia",6.0
duke johnson: pro player comparison for 2015 nfl draft prospect URL apple,6.0
🍌🍍🍋🍒 fruitey 🍓🍎🍏 ptitdejdechampionne likeit lesfruitsmavie apple banana red avoine… URL,2.0
🍊🍏🍹snack time! 😋 juice orange pomme apple snack healthy healthysnack mangersain URL,6.0
🍟🍦✨ moschino case apple jeremyscott design do you like my pic staemint ? ❤️❤️❤️❤️ stripes… URL,6.0
ecb holds rates: here comes draghi... URL trending tech startups apple news kot,6.0
ecb holds rates: here comes draghi... URL trending tech startups apple news kot URL,6.0
ed sheeran says harry styles has a big penis URL apple,6.0
dennis quaid’s meltdown was actually part of this funny or die prank URL apple,6.0
desbloquear el telefono con reconocimiento facial vs la habilidad de interactuar con tu voz apple vs google,6.0
die apple story heute abend in dok auf sf1 war ziemlich beeindruckend r.i.p. stevejobs - doch wo wäre apple heute ohne microsoft ?,6.0
dime porque demonios existes twitter ?! oh si! para causarle insomnio a cualquera que pase no?,6.0
do i want to invest in apple....,6.0
do you like dance? apple apps on applestore itunes radio webradio music top40 URL,6.0
do you need to capture your work time? timesheet for ios is cool and works easy. URL apple timecard freelance time,6.0
do you need to capture your work time? timesheet for ios is cool and works easy. URL apple timecard freelance time,6.0
dormi turns android smartphones or tablets into a video baby monitor URL apple,6.0
download google play store 5.4.12 apk URL apple,6.0
"dropbox, el servicio de almacenamiento en la nube, por las nubes URL web microsoft tecnologia",6.0
duke johnson: pro player comparison for 2015 nfl draft prospect URL apple,6.0
🍌🍍🍋🍒 fruitey 🍓🍎🍏 ptitdejdechampionne likeit lesfruitsmavie apple banana red avoine… URL,2.0
🍊🍏🍹snack time! 😋 juice orange pomme apple snack healthy healthysnack mangersain URL,6.0
🍟🍦✨ moschino case apple jeremyscott design do you like my pic staemint ? ❤️❤️❤️❤️ stripes… URL,6.0
ecb holds rates: here comes draghi... URL trending tech startups apple news kot,6.0
excelente articulo! rt AT_USER interesting read - how apple eclipsed microsoft URL via AT_USER (cc: AT_USER,0.0
excelente. proximo cel? rt AT_USER presentanción android 4.0 y samsung nexus prime - URL google. (se jodió ios5),6.0
exclusive: six percent of us adults plan to buy apple watch @ reuters/ipsos poll @ reuters منارة_التقنية URL,6.0
exolens for iphone 6 review: lens kit widens your iphone 6's point of view URL apple,6.0
fashion wearable a hot spot. china could be the biggest market for apple watch URL via AT_USER,6.0
fico impressionado como qualquer software microsoft fode com meu mac,6.0
"fico manso os preços desses iphones,absurdos r$ 2.500! assim não dá fía AT_USER só se eu fizesse programa na beira mar :(",6.0
finish him! mortal kombat x uppercuts its way onto ios URL apple mac,6.0
for sale!! URL ebaymobile ebay microsoft apple office 2011 sale new original mac,6.0
foursquare’s new pinpoint ad platform sells ads based on users’ loca URL insider tech startups apple news kot,6.0
france stands by choice of gay vatican envoy URL trending tech startups apple news kot,6.0
frontline commando URL apple appstore ipad iphone,6.0
gamestop will soon resume trading in classic games and consoles URL trending tech startups apple news kot,6.0
ge microsoft #apple vulnerable to tax reform on foreign profits news market business URL,6.0
ge microsoft #apple vulnerable to tax reform on foreign profits news market business URL,6.0
get getlikes in the appstore! boost your instagram likes naturally and for free! apple ipad iphone ios URL,6.0
get better scores in german with jbvteacher URL for mac apple education backtoschool,6.0
get better scores in german with jbvteacher URL for mac apple education backtoschool,6.0
get better scores in hindi with jbvteacher URL for mac apple education backtoschool,6.0
get better scores in italian with jbvteacher URL for mac apple education backtoschool,6.0
get better scores in russian with jbvteacher URL for mac apple education backtoschool,6.0
get better scores in russian with jbvteacher URL for mac apple education backtoschool,6.0
get better scores in russian with jbvteacher URL for mac apple education backtoschool,6.0
get free itunes card URL apple iphone6,6.0
get up-to-speed quickly on ibm puredata for analytics mini appliance - access new sales kit for ibmpartners on pw URL,6.0
global disco apple apps on applestore itunes radio webradio music 70s 80s 90s 00s top40 dance pop URL,6.0
gmusic une google music con apple ios [apps] apple google ios URL,6.0
go to see anything you want! URL phonecase case iphone6 iphone6plus samsung samsung lg URL,6.0
good morning! trying out this recipe. 💪 healthy betterfuture lotsofgreen apple banana kiwi… URL,6.0
google joins its u.s. peers under europe’s scrutiny URL iphone ios8 apple,6.0
google резко раскритиковала дизайн microsoft и apple URL google microsoft apple,2.0
gostaria de deixar aqui registrado meu agradecimento a AT_USER por preservar meu sono. as notificações do ios5 não apitam na madrugada ,0.0
gamestop will soon resume trading in classic games and consoles URL trending tech startups apple news kot,6.0
ge microsoft #apple vulnerable to tax reform on foreign profits news market business URL,6.0
ge microsoft #apple vulnerable to tax reform on foreign profits news market business URL,6.0
get getlikes in the appstore! boost your instagram likes naturally and for free! apple ipad iphone ios URL,6.0
get better scores in german with jbvteacher URL for mac apple education backtoschool,6.0
get better scores in german with jbvteacher URL for mac apple education backtoschool,6.0
get better scores in hindi with jbvteacher URL for mac apple education backtoschool,6.0
get better scores in italian with jbvteacher URL for mac apple education backtoschool,6.0
get better scores in russian with jbvteacher URL for mac apple education backtoschool,6.0
get better scores in russian with jbvteacher URL for mac apple education backtoschool,6.0
get better scores in russian with jbvteacher URL for mac apple education backtoschool,6.0
get free itunes card URL apple iphone6,6.0
get up-to-speed quickly on ibm puredata for analytics mini appliance - access new sales kit for ibmpartners on pw URL,6.0
global disco apple apps on applestore itunes radio webradio music 70s 80s 90s 00s top40 dance pop URL,6.0
gmusic une google music con apple ios [apps] apple google ios URL,6.0
go to see anything you want! URL phonecase case iphone6 iphone6plus samsung samsung lg URL,6.0
good morning! trying out this recipe. 💪 healthy betterfuture lotsofgreen apple banana kiwi… URL,6.0
google joins its u.s. peers under europe’s scrutiny URL iphone ios8 apple,6.0
google резко раскритиковала дизайн microsoft и apple URL google microsoft apple,2.0
gostaria de deixar aqui registrado meu agradecimento a AT_USER por preservar meu sono. as notificações do ios5 não apitam na madrugada ,0.0
great mac chinese language learning software URL apple education backtoschool easy,6.0
great mac chinese language learning software URL apple education backtoschool easy,6.0
great mac chinese language learning software URL apple education backtoschool easy,6.0
great mac german language learning software URL apple education backtoschool easy,6.0
great mac german language learning software URL apple education backtoschool easy,6.0
great mac hindi language learning software URL apple education backtoschool easy,6.0
great mac italian language learning software URL apple education backtoschool easy,6.0
great mac russian language learning software URL apple education backtoschool easy,6.0
great article by my friend AT_USER on apple and its second chance on diversity: URL fairchance,6.0
hands free ipad use at any angle URL tablet samsung lenovo,6.0
hands-on with hearthstone for iphone URL apple,6.0
handwritten - shawn mendes URL apple,6.0
happy hump day!!! happyhumpday caramel apple icecream. foodporn 😘😘😘😘 URL,4.0
have you seen my commercial reel? URL apple mcdonalds burgerking martini georgeclooney,6.0
"URL apple ipad air 1st generation 32gb, wi-fi, 9.7in - space grey apple itunes applestore … URL",6.0
URL the language of love is italian for me :) mac app URL apple education learning osx edtech,6.0
URL the language of love is italian for me :) mac app URL apple education learning osx edtech,6.0
URL wash buckler* skylanders figure (xbox/ps3/ps4/wii/wiiu/3ds/pc/mac/ios) ps4 sony ps3 ga… URL,6.0
URL shroom boom* skylanders figure (wii/wiiu/3ds/ps3/ps4/xbox/pc/mac/ios) ps4 sony ps3 gam… URL,6.0
URL apple iphone 5c - 8 gb - yellow (vodafone) smartphone apple itunes applestore appleuk … URL,6.0
"URL apple ipad 2 32gb, wi-fi (3 ie), 9.7in - black apple itunes applestore appleuk ipad … URL",6.0
URL bouncer* skylanders figure (wii/wiiu/3ds/ps3/ps4/xbox/pc/mac/ios) ps4 sony ps3 gaming … URL,6.0
URL hot head* skylanders figure (wii/wiiu/3ds/ps3/ps4/xbox/pc/mac/ios) ps4 sony ps3 gaming… URL,6.0
URL swarm* skylanders figure (wii/wiiu/3ds/ps3/ps4/xbox/pc/mac/ios) ps4 sony ps3 gaming p… URL,6.0
URL ios 7.1.1 jailbreak full... URL apple howto ios711 ipad iphone jailbreak news untethered,4.0
URL ipad air 16gb wifi brand new tablet android phone ipad camera amazon iphone samsung URL,6.0
URL faulty apple iphone 5 - unlocked and open to ee network - 16gb apple itunes applestore … URL,6.0
URL terrafin* series2 skylanders figure (wii/wiiu/3ds/ps3/ps4/xbox/pc/mac/ios) ps4 sony ps3… URL,6.0
URL apple iphone 4s - 16gb black (water damaged) apple itunes applestore appleuk ipad a… URL,6.0
URL para que descargues apps para tu dispositivo ios de AT_USER,6.0
URL blast zone* skylanders swappable figure (wii/wiiu/3ds/ps3/ps4/xbox/pc/mac/ios) ps4 sony … URL,6.0
URL ipad air 2 wifi 64gb gold tablet android phone ipad camera amazon iphone samsung URL,6.0
URL looking for lightning usb phone cables ? iphone samsung htc motorola URL,6.0
URL the language of love is italian for me :) mac app URL apple education learning osx edtech,6.0
URL iphone 5 16gb black ee mobilephones technology smartphones nokia cellphones samsung … URL,6.0
URL apple ipad2 (16gb) white tablet android phone ipad camera amazon iphone samsung URL,6.0
URL sonic boom* series2 skylanders figure (wii/wiiu/3ds/ps3/ps4/xbox/pc/mac/ios) ps4 sony p… URL,6.0
URL apple iphone 5s - 16 gb - gold (factroy unlocked) smartphone brand new apple itunes app… URL,6.0
URL jet vac-lightcore* skylanders figure (wii/wiiu/3ds/ps3/ps4/xbox/pc/mac/ios) ps4 sony ps… URL,6.0
URL joblot x3 | apple mac mini g4 desktop | untested | as is apple itunes applestore apple… URL,6.0
URL appleagagné apple versus microsoft,6.0
URL pop fizz* skylanders figure (wii/wiiu/3ds/ps3/ps4/xbox/pc/mac/ios) ps4 sony ps3 gaming… URL,6.0
URL trigger happy* series2 skylanders figure (wii/wiiu/3ds/ps3/ps4/xbox/pc/mac/ios) ps4 sony… URL,6.0
URL iphone 5c mobilephones technology smartphones nokia cellphones samsung qna follow URL,6.0
URL ağzına sıçmaya geliyoruz apple ve microsoft,6.0
URL the language of love is italian for me :) mac app URL apple education learning osx edtech,6.0
URL apple iphone 5c - 8 gb - yellow (vodafone) smartphone apple itunes applestore appleuk … URL,6.0
"URL apple ipad 2 32gb, wi-fi (3 ie), 9.7in - black apple itunes applestore appleuk ipad … URL",6.0
URL bouncer* skylanders figure (wii/wiiu/3ds/ps3/ps4/xbox/pc/mac/ios) ps4 sony ps3 gaming … URL,6.0
URL hot head* skylanders figure (wii/wiiu/3ds/ps3/ps4/xbox/pc/mac/ios) ps4 sony ps3 gaming… URL,6.0
URL swarm* skylanders figure (wii/wiiu/3ds/ps3/ps4/xbox/pc/mac/ios) ps4 sony ps3 gaming p… URL,6.0
URL ios 7.1.1 jailbreak full... URL apple howto ios711 ipad iphone jailbreak news untethered,4.0
URL ipad air 16gb wifi brand new tablet android phone ipad camera amazon iphone samsung URL,6.0
URL faulty apple iphone 5 - unlocked and open to ee network - 16gb apple itunes applestore … URL,6.0
URL terrafin* series2 skylanders figure (wii/wiiu/3ds/ps3/ps4/xbox/pc/mac/ios) ps4 sony ps3… URL,6.0
URL apple iphone 4s - 16gb black (water damaged) apple itunes applestore appleuk ipad a… URL,6.0
URL para que descargues apps para tu dispositivo ios de AT_USER,6.0
URL blast zone* skylanders swappable figure (wii/wiiu/3ds/ps3/ps4/xbox/pc/mac/ios) ps4 sony … URL,6.0
URL ipad air 2 wifi 64gb gold tablet android phone ipad camera amazon iphone samsung URL,6.0
URL looking for lightning usb phone cables ? iphone samsung htc motorola URL,6.0
URL the language of love is italian for me :) mac app URL apple education learning osx edtech,6.0
URL iphone 5 16gb black ee mobilephones technology smartphones nokia cellphones samsung … URL,6.0
URL apple ipad2 (16gb) white tablet android phone ipad camera amazon iphone samsung URL,6.0
URL sonic boom* series2 skylanders figure (wii/wiiu/3ds/ps3/ps4/xbox/pc/mac/ios) ps4 sony p… URL,6.0
URL apple iphone 5s - 16 gb - gold (factroy unlocked) smartphone brand new apple itunes app… URL,6.0
URL jet vac-lightcore* skylanders figure (wii/wiiu/3ds/ps3/ps4/xbox/pc/mac/ios) ps4 sony ps… URL,6.0
URL joblot x3 | apple mac mini g4 desktop | untested | as is apple itunes applestore apple… URL,6.0
URL appleagagné apple versus microsoft,6.0
URL pop fizz* skylanders figure (wii/wiiu/3ds/ps3/ps4/xbox/pc/mac/ios) ps4 sony ps3 gaming… URL,6.0
URL trigger happy* series2 skylanders figure (wii/wiiu/3ds/ps3/ps4/xbox/pc/mac/ios) ps4 sony… URL,6.0
URL iphone 5c mobilephones technology smartphones nokia cellphones samsung qna follow URL,6.0
URL ağzına sıçmaya geliyoruz apple ve microsoft,6.0
URL the language of love is italian for me :) mac app URL apple education learning osx edtech,6.0
URL getawosh meet the woshfamily! wilshire carporn guys macs apple carwash musclecars… URL,6.0
URL lightning rod series2 skylanders figure (wii/wiiu/3ds/ps3/ps4/xbox/pc/mac/ios) ps4 sony … URL,6.0
huawei p8 is a flagship that’s actually worth checking out URL apple,6.0
i didn't know it could be so easy to learn on my mac russian URL apple education learning osx edtech,6.0
i know spanish can be hard but this mac app makes it easy and 4000+ words URL apple education learning osx edtech,4.0
i like how i can make phone calls and send sms text messages on my macbook air man i love apple💻👌🏼👍🏼 apple macbookair,6.0
incredible gopro footage shows what it's like to spacewalk URL apple tech,6.0
in-flight wi-fi is “direct link” to hackers URL apple tech,6.0
in-flight wi-fi is “direct link” to hackers URL apple,6.0
insider buzz: are hottest nfl draft rumors fact or fiction? URL apple,6.0
interesante por decirlo menos sabes que la cámara del iphone4s le pertenece a sony ... mmm ojalá ande bien y no sea mala jugada de AT_USER,6.0
ios kan slänga sig i väggen. ics levererar! google,6.0
ipad iphone etc holder white and wooden: £4.50 (0 bids)end date: wednesday apr-22-2015 15:51:... URL iphone apple,6.0
ipad video lessons - URL - easy way to learn your apple ipad - step by step ipad 5 min. day URL,6.0
"ipad: ""mi aparato favorito de la vida"" frase celebre de azay carrasco AT_USER ipad",6.0
iphone行列並んだーAT_USER store銀座 どのくらいかかるかね。16gしかないそうです。,6.0
iphoneitalia - accessori apple watch: elegante watch dock di mophie URL AT_USER,6.0
is no management right for your business? URL holocracy insider tech startups apple news kot,6.0
is no management right for your business? URL holocracy insider tech startups apple news kot,6.0
israel:topsongs:titanium (feat. sia) - david guetta itunes israel URL apple iphone followme music,6.0
"it would be really cool to set your status to, ""at work"" and then all your contacts would know not to call you or text you apple iphone",6.0
its wingo night! wing special starts at 6 ($5/dozen) tonight's sauce: apple bourbon bbq bingo… URL,6.0
itunes hong kong:itunes u:top itunes u collections:future of energy - uc davis itunes apple 香港… URL followme,6.0
itunes hong kong:podcast:top podcasts:itunes podcast - night vision - night vision itunes apple 香港… URL followme,6.0
japan 66. steal my girl - one direction URL music video itunes iphone apple mac,6.0
japan 67. ghosttown - madonna URL music video itunes iphone apple mac,6.0
japan 68. underground - ep - fox capture plan URL music itunes iphone apple,6.0
japan 70. live while we're young - one direction URL music video itunes iphone apple mac,6.0
japan 71. highschool love - e-girls URL music video itunes iphone apple mac,6.0
japan 73. what makes you beautiful - one direction URL music video itunes iphone apple mac,6.0
japan 75. lil' infinity - aaa URL music itunes iphone apple,6.0
japan collections 36. jazz insights - media - dr. gordon vernick URL itunesu itunes iphone apple mac,6.0
japan collections 37. developing apps for ios (hd) - paul hegarty URL itunesu itunes iphone apple mac,6.0
japan collections 41. entrepreneurial thought leaders - stanford ecorner URL itunesu itunes iphone apple mac,6.0
japan collections 42. building a business - oxford university URL itunesu itunes iphone apple mac,6.0
japan collections 44. masters of photography - national geographic live URL itunesu itunes iphone apple mac,6.0
japan courses 65. financial markets (2011) - yale university URL itunesu itunes iphone apple mac,6.0
japan courses 66. moons: an introduction - the open university URL itunesu itunes iphone apple mac,6.0
japan courses 67. astronomy: frontiers and controversies - yale university URL itunesu itunes iphone apple mac,6.0
japan courses 68. core concepts in chemistry - duke university URL itunesu itunes iphone apple mac,6.0
japan courses 69. introduction to algorithms - mit URL itunesu itunes iphone apple mac,6.0
japan courses 70. ecosystems - the open university URL itunesu itunes iphone apple mac,6.0
japan courses 71. creative writing: a master class - academy of achievement URL itunesu itunes iphone apple mac,6.0
japan courses 72. this is cs50 2011. - harvard university URL itunesu itunes iphone apple mac,6.0
japan paid 1. freeman - galaworks studio URL mac itunes apps apple,6.0
japan paid 12. infographics - jumsoft URL mac itunes apps apple,6.0
japan paid 13. bettersnaptool - andreas hegenberg URL mac itunes apps apple,6.0
japan paid 16. daisydisk - software ambience corp. URL mac itunes apps apple,6.0
japan paid 17. airmail 2.0 - bloop s.r.l. URL mac itunes apps apple,6.0
japan paid 2. disk diag - rocky sand studio ltd. URL mac itunes apps apple,6.0
japan paid 20. bitperfect - bitperfect sound inc. URL mac itunes apps apple,6.0
japan paid 23. royal envoy premium - playrix URL mac itunes apps apple,6.0
japan paid 24. popclip - pilotmoon software URL mac itunes apps apple,6.0
japan paid 27. shuttercount - dire studio URL mac itunes apps apple,6.0
japan paid 28. apple remote desktop - apple URL mac itunes apps apple,6.0
japan paid 4. logic pro x - apple URL mac itunes apps apple,6.0
japan paid 5. final cut pro - apple URL mac itunes apps apple,6.0
japan paid 6. garageband - apple URL mac itunes apps apple,6.0
japan paid 62. tree 2 - top of tree URL mac itunes apps apple,6.0
japan paid 63. mainstage 3 - apple URL mac itunes apps apple,6.0
large-scale game of thrones leak has hbo targeting periscope streams URL apple,6.0
las aplicaciones más populares para iphone (vía appleweblog) URL iphone AT_USER,6.0
lasers quickly load thousands of cells with nano-sized cargo URL apple tech,6.0
latest video shows how close spacex got to landing falcon 9 URL elonmusk nasa tech startups apple news kot,6.0
lausd seeks multimillion-dollar refund from apple for scrapped ipad in education program URL apple ipad,0.0
lawmakers asked clinton about private emails in 2012 URL politicsnews tech startups apple news kot,6.0
learn how to consume proper vitamins with new free ios app vitaminimum! iphone ipad appstore healthy apple URL,4.0
learn how to consume proper vitamins with new free ios app vitaminimum! iphone ipad appstore healthy apple URL,4.0
learn how to consume proper vitamins with new free ios app vitaminimum! iphone ipad appstore healthy apple URL,4.0
learn how to consume proper vitamins with new free ios app vitaminimum! iphone ipad appstore healthy apple URL,4.0
learn how to consume proper vitamins with new free ios app vitaminimum! iphone ipad appstore healthy apple URL,4.0
legal defense for the tech community|dui URL |siliconvalley wordpress mac apple sanjose URL,6.0
let it go - single - george strait URL apple,6.0
lg electronics g watch r - smart watch - URL wearabletech sony amazon,6.0
lg electronics g watch r - smart watch - URL wearabletech sony amazon,6.0
"los fabricantes de móviles y su integración con las redes sociales: sony ericson apunta a facebook, apple a twitter y samsung a google+",6.0
