dear google & samsung... learn some presentation 101 first. please.,0.0
patent wars: google vs. samsung vs. apple vs. motorola vs. microsoft vs. oracle - URL,2.0
pearson and google take advantage of the profound lack of lms pd with their new offering URL also do not do reporting,2.0
"rol15's fireside chat includes our ""big 3"" panel, w/ reps from google, facebook and microsoft. don't miss out! URL",2.0
samsung galaxy nexus hands-on (video) URL mobile android4 galaxynexus google,2.0
"samsung google galaxynexus we got the lowdown after the hong kong press release, check it out: URL",2.0
samsung google nexus,6.0
samsung google announce new phone and then the apple applestore goes down. a little strange or am i reading too much into this?,2.0
samsung & google unveil latest android phone using icecreamsandwich URL,2.0
samsung and google introduce galaxy nexus URL via AT_USER android,2.0
samsung and google's ice cream sandwich event liveblog! URL android icecreamsandwich,2.0
samsung galaxy nexus hands-on (video) URL android galaxynexus galaxynexus google,2.0
"samsung galaxy nexus smartphone, android 4.0 ice cream sandwich unveiled by google… URL bt",2.0
samsung galaxy nexus is now confirmed URL googlenews mobile android40icecreamsandwich google,2.0
samsunggalaxynexus google android face unlock.ice cream sandwich literally knows your face. URL,2.0
samsunggalaxynexus google android icecreamsandwich URL,2.0
samsunggalaxynexus google android icecreamsandwich URL,2.0
samsunggalaxynexus google android icecreamsandwich. new browser URL,2.0
samsunggalaxynexus google android URL,2.0
seo backlinks google index free tool URL,2.0
"seo serps ballmer: 70% of the time, google & bing are the same, so try bing! by AT_USER URL google yahoo bing",2.0
seo tip: javascript can be a friend +an enemy.use it wisely to block the content u want google bing yahoo,2.0
seo tip:examine google analytics reports frequently.check the conversion and bounce rate+analyze traffic sources,2.0
"seo tip:google considers the first lines of the page important.put menu,headers+important text on top. google",2.0
seo tip:in multilang sites create folders for each lang.submit the urls in google webmaster tools+use geographictarget,2.0
seo tip:make sure that your important keywords have high keyword density in your pages google bing yahoo,2.0
seo tip:meta nofollowed or robots.txt blocked pages do receive pagerank juice when they get links. google,2.0
seo tip:redirect URL to URL by using 301 redirection. google yahoo bing web,2.0
seotips to find out what web pages of your website are indexed by google simply google --&gt,0.0
so society network google empowerment URL notes facebook should not be taken lightly,2.0
startups take note - the rise of micro-acquisitions google pinterest and even microsoft URL,2.0
"steveballmer just called me a ""computer scientist"" :) URL microsoft android",2.0
teamgooglenexus rt AT_USER google + samsung = perfect icecream sandwich galaxynexus,4.0
thatsdisrespectful like using google to search for bing,2.0
tweetdeck working but not twitter for android,2.0
lg top 10 best android smartwatches buyers guide: april 2015 edition: with lg's watch urbane and the... URL android,2.0
lol google URL,6.0
measure your marketing.get the free analytics campaign tagger sheet for google analytics now! URL,2.0
microsoft cloud gsa loses $2.5 billion cloud contract fight: google recently dropped a case against the d... URL tcn,2.0
"microsoft cloud steve ballmer at web 2.0: microsoft ceo disses android, iphone: according to geekwire, ba... URL tcn",2.0
microsoft ceo on android: you have to be a computer scientist to use it - huffington post URL tech mobile,2.0
damn group meeting disturbin me from watchin the google event,2.0
damn!!! galaxy nexus google android URL time for me to upgrade my nexus s xd,2.0
demo crime for google dude in white suit. face recognition for unlocking doesn't work if you wear make up apparently :-),2.0
dennis goedegebuure’s thoughts on changes in google analytics: i contacted dennis and asked… URL,2.0
did facebook just beat google at its own game? URL socialmedia,2.0
did facebook just beat google at its own game? URL socialmedia,2.0
did a quick video call test between two diff. android tablets using skype & it worked great! microsoft hasn't broken it yet.,2.0
did he just say hipster filters? google android,2.0
discover keywords & business critical information to be no 1 on google read aspenibiz blog post URL,2.0
do the creep ahh AT_USER and AT_USER google+dates,6.0
"does ice cream sandwich have a ""private browsing mode"" for, you know, ""me time?"" google android",2.0
don’t cast your google adwords net too wide | mike mccready URL google adwords,2.0
"email with 2 line preview, offline search of any amount of emails you want. android4.0 google",2.0
embed google calendar to your wordpress post: URL wordpress google,2.0
empire avenue. the social stock market. what is your online activity worth? URL twitter facebook google+ socialmedia,2.0
engadget following android galaxy nexus event google samsung ics URL,2.0
engineers google manny marroquin mannymarroquin,2.0
ever post something to the wrong circles? google+,2.0
fight: galaxy nexus vs. droid razr vs. iphone 4s URL android iphone google,2.0
finally updated lollipop android sony xperiaz3 lookingsexy beast URL,4.0
"following dear microsoft ceo's logic, 550,000 android devices activated each day need to belong to computer scientists. i am enlightened!!",2.0
for all the bookworms out there! URL google’s infinite bookcase: an abstract browser for limitless libraries technews,2.0
funny billgates aprons w/google 1 ranked ltcartoon “got microsoft“? URL humor foodie microsoft,2.0
funny billgates aprons w/google 1 ranked ltcartoon “got microsoft“? URL humor foodie microsoft,2.0
gmusic unites google music with apple ios [apps] URL,6.0
gmusic unites google music with apple ios [apps] URL,6.0
galaxy nexus android ics barometer will undoubtedly be used to add 3d to google maps.,2.0
apple’s app store widens revenue lead over google play – report URL URL,4.0
apple’s app store widens revenue lead over google play URL URL,4.0
apple's ios AT_USER widens revenue lead over google play in q1 2015 URL,4.0
"chromebit chromebook – google debuts the chromebit, a chromebook… URL chrome android androidos asus chromeos",2.0
"chromebit chromebook – google debuts the chromebit, a chromebook… URL chrome android androidos asus chromeos",2.0
facebook power users 'have gone to google+ and twitter' - telegraph URL who are they? socialmedia,2.0
google android 4.0 out ,2.0
google android icecream sandwich os for nexus prime released! [live blog] | URL technology hk,4.0
google galaxynexus icecream great,6.0
google icecreamsandwich totally blowing apple ishit away...,4.0
google nexus press conference URL slick,4.0
"google / samsung galaxy nexus ics press release is now done, i'll go back to my regular tweeting intervals now :) i want it!",4.0
google + motorola + verizon = perfect combination! &lt,4.0
google and apple winning the internetofthings iot URL,4.0
google finally!! all searches for logged in users will be on https! URL,2.0
google has done it again ..... icecream sandwich,2.0
google has finally unveiled the much awaited android os ice cream sandwich & it sure looks good! URL,4.0
google is my bff rite about now!,4.0
google is the best invention ever!!,2.0
google me!!!!!!!!,2.0
google+ great for small businesses? i think so. the platform has some really beneficial features. thoughts? URL,4.0
google+ (: lovin it,2.0
"google's icecreamsandwich was revealed. i'm getting an android whenever i get a new phone, but i'm keeping my iphone for now.",4.0
google's nexus really i wanna it now awesome,4.0
google's like my wife - searches things for me and completes my sentences.,4.0
huawei p8 p8max making sense than any other android manufacturer. drools a lesson for all samsung htc apple doitright,4.0
icecreamsandwich went way and beyond what i expected. can't wait to get it on my nexus to play with! google,4.0
lg 7 tips to flex the lg g flex 2's muscles: the beauty of android is its notifications - easy to ac... URL android,4.0
"lg google releases android 5.1 lollipop factory images for the 2013 nexus 7: yesterday, we told you ... URL android",4.0
microsoft delve mobile apps now available for android and ios devices: URL office365,2.0
microsoft beats google at the cross-platform game: URL,2.0
"microsoft bing is the new king of search, tipped google search URL",2.0
microsoft started rolling out skype for business for users worldwide: (adsbygoogle =… URL,4.0
rim should really take an in debt look at google's strategy... they released the ndk for icecreamsandwich 3 hours after release. ics,2.0
samsung galaxy nexus = orbital laser. apple iphone 4s = wooden stick google,4.0
"como es posible que motorola siga bloqueando los bootloaders de sus telefono. merecen quebrar, y con ellos google. motofail",6.0
"con algunos ""hiccups"" durante la presetnación de android 4.0 pero todo pinta genial. muy bien ahí google samsung galaxynexus",6.0
conoce al nuevo samsung galaxynexus con android 4.0 icecreamsandwich - URL google smartphones,6.0
"consommation data affichée dans les paramètres, avec même une approximation de la consommation future !google nexusprime",6.0
check out daisychainusb - multi usb adapter/splitter for apple/android by nicholas seet AT_USER URL iphone apple,6.0
Новите google presentations URL googledocs,2.0
"ну собственно, товарищи, фотки интерфейса google galaxynexus кто еще не видел: URL",2.0
das neue google galaxy nexus haut mich nicht so sehr vom hocker. ist meiner meinung nach nur ein wenig besser als das sgs2.,6.0
data usage: nada mais de aplicativos para monitorar tráfego de dados icecreamsandwich galaxynexus google samsung,6.0
deep linking plugin - black... URL seo search google hack sem it business web marketing online yes hot winning,2.0
definitivamente sigo sin entender un carajo de google+,6.0
der langsame tod von seo?? google -suche für eingeloggte user verschlüsselt - URL socialmedia marketing search seo,6.0
der langsame tod von seo?? google -suche für eingeloggte user verschlüsselt - URL socialmedia marketing search seo,6.0
desbloquear el telefono con reconocimiento facial vs la habilidad de interactuar con tu voz apple vs google,6.0
deux lignes sont affichées sur la première page de gmail pour chaque mail : un aperçu en quelque sorte google nexusprime,6.0
"directivos de google, microsoft o ibm reflexionarán sobre cómo vender más utilizando las nuevas tecnologías URL",6.0
dormi turns android smartphones or tablets into a video baby monitor URL apple,6.0
download google play store 5.4.12 apk URL apple,6.0
Поиск от google станет еще безопаснее URL,2.0
顔認識ロック解除失敗してる・・・デモで失敗しちゃっていいのか？ google,2.0
echelon quality management system pdf ebook: URL google,6.0
echelon quality management system pdf ebook: URL google,6.0
"editeur de photo maintenant : redimensionner, .... (ce qu'on avait déjà vu) google nexusprime",6.0
deep linking plugin - black... URL seo search google hack sem it business web marketing online yes hot winning,2.0
definitivamente sigo sin entender un carajo de google+,6.0
der langsame tod von seo?? google -suche für eingeloggte user verschlüsselt - URL socialmedia marketing search seo,6.0
der langsame tod von seo?? google -suche für eingeloggte user verschlüsselt - URL socialmedia marketing search seo,6.0
desbloquear el telefono con reconocimiento facial vs la habilidad de interactuar con tu voz apple vs google,6.0
deux lignes sont affichées sur la première page de gmail pour chaque mail : un aperçu en quelque sorte google nexusprime,6.0
"directivos de google, microsoft o ibm reflexionarán sobre cómo vender más utilizando las nuevas tecnologías URL",6.0
dormi turns android smartphones or tablets into a video baby monitor URL apple,6.0
download google play store 5.4.12 apk URL apple,6.0
Поиск от google станет еще безопаснее URL,2.0
顔認識ロック解除失敗してる・・・デモで失敗しちゃっていいのか？ google,2.0
excelente. proximo cel? rt AT_USER presentanción android 4.0 y samsung nexus prime - URL google. (se jodió ios5),6.0
"für alle agenturen, die google adwords für ihre kunden betreuen ... google engage - die agenturen-plattform: URL",6.0
featured review: verus 2link case for the samsung galaxy s6 edge - android headlines - andr... URL samsung galaxys6,2.0
finalmente llegó el galaxy nexus: google y samsung acaban de hacer el tan esperado… URL tech,6.0
fine tune your seo strategy with the google panda 2.5.2 update. find out how it can affect your business rankings URL,6.0
"galaxy nexus anunciado oficialmente: pantalla de 4,65 pulgadas y ice cream sandwich URL galaxy_nexus galaxynexus google",6.0
galaxy nexus URL android google no sé yo semejante pantalla...,6.0
galaxy nexus sc-04d | nttドコモ 2011-2012冬春モデル URL android google docomo,6.0
galaxy nexus: el nuevo teléfono de google y samsung - gizmología URL google,6.0
galaxy nexus: el nuevo teléfono de google y samsung android samsung google URL followme,6.0
galaxy nexus: el nuevo teléfono de google y samsung URL nexus google android,6.0
galaxy nexus: google-handy mit hd-display und android 4.0 - heise newsticker URL google,6.0
gmusic une google music con apple ios [apps] apple google ios URL,6.0
gogogo desenvolvedores! developer.android.com icecreamsandwich galaxynexus google samsung,6.0
"google a pas innové avec un tamagochi, ils ont tout compris google nexusprime",6.0
google adds default end-to-end encryption to search URL via AT_USER ik zeg: goed bezig! jammer dat microsoft achter,6.0
google apps coming to google+ ‘within days’,2.0
google fr google earth pro: avez-vous déjà essayé google earth pro? google earth dispose… URL,6.0
google joins its u.s. peers under europe’s scrutiny URL iphone ios8 apple,6.0
google резко раскритиковала дизайн microsoft и apple URL google microsoft apple,2.0
google+ to support pseudonyms URL google+ googlesocialmedia googleventures facebook twitter socialmediamarketing,2.0
"galaxy nexus anunciado oficialmente: pantalla de 4,65 pulgadas y ice cream sandwich URL galaxy_nexus galaxynexus google",6.0
galaxy nexus URL android google no sé yo semejante pantalla...,6.0
galaxy nexus sc-04d | nttドコモ 2011-2012冬春モデル URL android google docomo,6.0
galaxy nexus: el nuevo teléfono de google y samsung - gizmología URL google,6.0
galaxy nexus: el nuevo teléfono de google y samsung android samsung google URL followme,6.0
galaxy nexus: el nuevo teléfono de google y samsung URL nexus google android,6.0
galaxy nexus: google-handy mit hd-display und android 4.0 - heise newsticker URL google,6.0
gmusic une google music con apple ios [apps] apple google ios URL,6.0
gogogo desenvolvedores! developer.android.com icecreamsandwich galaxynexus google samsung,6.0
"google a pas innové avec un tamagochi, ils ont tout compris google nexusprime",6.0
google adds default end-to-end encryption to search URL via AT_USER ik zeg: goed bezig! jammer dat microsoft achter,6.0
google apps coming to google+ ‘within days’,2.0
google fr google earth pro: avez-vous déjà essayé google earth pro? google earth dispose… URL,6.0
google joins its u.s. peers under europe’s scrutiny URL iphone ios8 apple,6.0
google резко раскритиковала дизайн microsoft и apple URL google microsoft apple,2.0
google+ to support pseudonyms URL google+ googlesocialmedia googleventures facebook twitter socialmediamarketing,2.0
grave c'est même plus une demi-molle là! rt AT_USER kikitoutdur devant ics google nexusprime,6.0
ha ha rotfl steveballmer haalt uit naar android URL achterhoede gevecht v microsoft,6.0
"hé bien c'était cool d'attendre pour voir la conférence :-), j'ai envie du nexus prime de google mnt, et jouer avec icm android 4.0",6.0
hanbell screw compressors maintenance manual pdf ebook: URL google,6.0
hanbell screw compressors maintenance manual pdf ebook: URL google,6.0
URL ipad air 16gb wifi brand new tablet android phone ipad camera amazon iphone samsung URL,6.0
"URL ""microsoft-chef ballmer lästert über android"" microsoft yumad derstandard",2.0
URL ipad air 2 wifi 64gb gold tablet android phone ipad camera amazon iphone samsung URL,6.0
URL apple ipad2 (16gb) white tablet android phone ipad camera amazon iphone samsung URL,6.0
URL google nexus 4 unlocked mobilephones technology smartphones nokia cellphones samsung… URL,2.0
"URL // muy buen experimento de google, la cago :d, webgl la lleva",6.0
URL ipad air 16gb wifi brand new tablet android phone ipad camera amazon iphone samsung URL,6.0
"URL ""microsoft-chef ballmer lästert über android"" microsoft yumad derstandard",2.0
URL ipad air 2 wifi 64gb gold tablet android phone ipad camera amazon iphone samsung URL,6.0
URL apple ipad2 (16gb) white tablet android phone ipad camera amazon iphone samsung URL,6.0
URL google nexus 4 unlocked mobilephones technology smartphones nokia cellphones samsung… URL,2.0
"URL // muy buen experimento de google, la cago :d, webgl la lleva",6.0
"i just installed the new twidroyd for twitter on my android phone - it's free, give it a try. URL",2.0
i like big glutus & i cannot lie google,6.0
i-nexus named as one of the telegraph's top 1000 - free pr site (press release) URL nexus one google,6.0
intégration de la reconnaissance vocale google nexusprime,6.0
"interface a voir en réel pour juger, sinon ice cream sandwich est simplement monstrueux !! nexusprime google ics",6.0
Με συγχισες google σιχτιρια! Για αυτο κ ποτε δν θα δεχτω να δουλεψω σε σενα που να χτυπιεσαι :Ρ,2.0
ios kan slänga sig i väggen. ics levererar! google,6.0
"irgendwie dann doch enttäuschend, das neue google galaxy nexus",6.0
ishi o faceunlock do icecreamsandwich android não funcionou no seu lançamento google,6.0
j'adore !! enorme “AT_USER onglets synchronisés avec google chrome (comme honeycomb) google nexusprime”,6.0
las mejores aplicaciones para hablar gratis por el móvil - URL URL google,6.0
le galaxynexus fait bien envie... mais bizarrement ça me gêne qu'il y soit marqué google au dos.,6.0
le galaxy nexus a l'air bien sympa et ics bien repensé. reste à voir les tests ... google android,6.0
le galaxy nexus officialisé samsung google galaxynexus icecream - URL via AT_USER AT_USER AT_USER,6.0
le nfc intégré aussi dans nexus google android '-,6.0
le panorama est très sympa et peut être coupé à tout moment google nexusprime,6.0
lecture notes in financial economics pdf ebook: URL google,6.0
les annonces se suivent et sont toutes super pratiques ics android google,6.0
l'heure est passé très vite et jme couche avec le sourire moi qui avait pas le moral ^^ ics google,6.0
live tweeting publiccloud webinar: long-term iaas leaders will be aws google microsoft URL,2.0
"los fabricantes de móviles y su integración con las redes sociales: sony ericson apunta a facebook, apple a twitter y samsung a google+",6.0
