predictiveanalytics is cool! learn more about predictive techniques at these ibm spss workshops in texas: URL,2.0
bigdata and its use getting bigger.. ibm and apple join hands! URL,4.0
"buffalo, intel, microsoft, ibm are the best pavilions at smau",2.0
ibm analytics from the internet of things: working to make energy smarter URL iot c15lv,4.0
ibm cloud becoming a major enterprise player: big blue nabs major deal with u.s. army URL via AT_USER ibmcloud,4.0
ibm fss ibm confers highest technical honor to 10 new fellows: ibm has awarded 10 of its top technologists,4.0
ibm storwize scales up to about 6 petabytes! read this: URL,6.0
ibm tadz fully supports partition by growth and partition by range now and in the future. URL,4.0
ibm watson inspirational technology delivering personalised health and care advice URL,4.0
ibm acquires AT_USER to accelerate cognitive insights for health and wellness URL nowebagency ibmwatsonhealth,4.0
ibm and apple join forces on health analytics cloud URL URL,4.0
ibm and apple to share health data. mobile iot wearables URL,2.0
ibm and AT_USER want to share how you are with others URL tech health,2.0
ibm and AT_USER want to share how you are with others URL tech health,2.0
ibm and partners to transform personal health with AT_USER and open cloud URL nowebagency ibmwatsonhealth,4.0
ibm announces deals with apple,2.0
ibm named us government private cloud iaas leader in idc marketscape assessment URL,4.0
ibm to give $50 million in tech and consulting services to 100 cities URL by AT_USER,2.0
ibm's watsonhealthcloud expected to help promote the development of new healthcare services via AT_USER | URL,4.0
company executives poorly placed to handle rising cyber risk- kpmg survey - yahoo - ibm security will help URL,6.0
congratulations to jim sexton on being named an ibm fellow. URL hpc,6.0
connect your apps to db2 with high-security kerberos URL ibm data,6.0
develop node.js apps without leaving your browser ibm URL,6.0
"directivos de google, microsoft o ibm reflexionarán sobre cómo vender más utilizando las nuevas tecnologías URL",6.0
dr watson will see you now. ibm to mine and analyze health data. is this good or bad? bigdata ibm watsonanalytics URL,6.0
develop node.js apps without leaving your browser ibm URL,6.0
"directivos de google, microsoft o ibm reflexionarán sobre cómo vender más utilizando las nuevas tecnologías URL",6.0
dr watson will see you now. ibm to mine and analyze health data. is this good or bad? bigdata ibm watsonanalytics URL,6.0
exclusive: ibm management on how the internetofthings is a transformational opportunity | iot AT_USER URL,6.0
flash! - security bulletin: ibm tivoli monitoring portal browser client (cve-2013-0576) URL,6.0
get up-to-speed quickly on ibm puredata for analytics mini appliance - access new sales kit for ibmpartners on pw URL,6.0
get up-to-speed quickly on ibm puredata for analytics mini appliance - access new sales kit for ibmpartners on pw URL,6.0
great info regarding ibm watson ! URL,6.0
hybrid service management is a team sport itsm ibm ibmcloud hybridcloud URL via AT_USER,6.0
i agree ancita. but AT_USER does it. if a big elephant like ibm can become a socbiz then we all can. semrushchat URL,6.0
