samsung galaxy nexus hands-on (video) URL mobile android4 galaxynexus google,2.0
"samsung google galaxynexus we got the lowdown after the hong kong press release, check it out: URL",2.0
samsung google nexus,6.0
samsung and google introduce galaxy nexus URL via AT_USER android,2.0
samsung galaxy nexus hands-on (video) URL android galaxynexus galaxynexus google,2.0
"samsung galaxy nexus smartphone, android 4.0 ice cream sandwich unveiled by google… URL bt",2.0
samsung galaxy nexus is now confirmed URL googlenews mobile android40icecreamsandwich google,2.0
samsunggalaxynexus google android face unlock.ice cream sandwich literally knows your face. URL,2.0
samsunggalaxynexus google android icecreamsandwich URL,2.0
samsunggalaxynexus google android icecreamsandwich URL,2.0
samsunggalaxynexus google android icecreamsandwich. new browser URL,2.0
samsunggalaxynexus google android URL,2.0
teamgooglenexus rt AT_USER google + samsung = perfect icecream sandwich galaxynexus,4.0
jaccusedz rt AT_USER the entreprise version of microsoft office365 is not available yet in algeria... URL,2.0
lg a different type gangsta n will give it to u if u want it js,6.0
lg accidently went live with a website that includes details and images of the upcoming g4 marketingfail URL,2.0
lg motion 4g - phone review specification mobile URL,2.0
lg top 10 best android smartwatches buyers guide: april 2015 edition: with lg's watch urbane and the... URL android,2.0
damn!!! galaxy nexus google android URL time for me to upgrade my nexus s xd,2.0
engadget following android galaxy nexus event google samsung ics URL,2.0
fight: galaxy nexus vs. droid razr vs. iphone 4s URL android iphone google,2.0
funny billgates aprons w/google 1 ranked ltcartoon “got microsoft“? URL humor foodie microsoft,2.0
funny billgates aprons w/google 1 ranked ltcartoon “got microsoft“? URL humor foodie microsoft,2.0
galaxy nexus android ics barometer will undoubtedly be used to add 3d to google maps.,2.0
autohackernews lg's latest g4 teaser focuses on the upcoming flagship's improved qhd display … URL,4.0
autohackernews lg's latest g4 teaser focuses on the upcoming flagship's improved qhd display URL …,4.0
google android icecream sandwich os for nexus prime released! [live blog] | URL technology hk,4.0
google galaxynexus icecream great,6.0
google nexus press conference URL slick,4.0
"google / samsung galaxy nexus ics press release is now done, i'll go back to my regular tweeting intervals now :) i want it!",4.0
google's nexus really i wanna it now awesome,4.0
icecreamsandwich went way and beyond what i expected. can't wait to get it on my nexus to play with! google,4.0
kinect makes learning playful with help from sesamestreet and nationalgeographic education microsoft URL,4.0
lg 7 tips to flex the lg g flex 2's muscles: the beauty of android is its notifications - easy to ac... URL android,4.0
"lg google releases android 5.1 lollipop factory images for the 2013 nexus 7: yesterday, we told you ... URL android",4.0
samsung galaxy nexus = orbital laser. apple iphone 4s = wooden stick google,4.0
"con algunos ""hiccups"" durante la presetnación de android 4.0 pero todo pinta genial. muy bien ahí google samsung galaxynexus",6.0
conoce al nuevo samsung galaxynexus con android 4.0 icecreamsandwich - URL google smartphones,6.0
"consommation data affichée dans les paramètres, avec même une approximation de la consommation future !google nexusprime",6.0
check out lg tone+ hbs-730 bluetooth wireless stereo earbud headset lightweight black lg URL via AT_USER,6.0
"ну собственно, товарищи, фотки интерфейса google galaxynexus кто еще не видел: URL",2.0
das neue google galaxy nexus haut mich nicht so sehr vom hocker. ist meiner meinung nach nur ein wenig besser als das sgs2.,6.0
data usage: nada mais de aplicativos para monitorar tráfego de dados icecreamsandwich galaxynexus google samsung,6.0
deux lignes sont affichées sur la première page de gmail pour chaque mail : un aperçu en quelque sorte google nexusprime,6.0
disculpame twitter te e tenido algo avandonado este dia,6.0
"editeur de photo maintenant : redimensionner, .... (ce qu'on avait déjà vu) google nexusprime",6.0
deux lignes sont affichées sur la première page de gmail pour chaque mail : un aperçu en quelque sorte google nexusprime,6.0
disculpame twitter te e tenido algo avandonado este dia,6.0
excelente. proximo cel? rt AT_USER presentanción android 4.0 y samsung nexus prime - URL google. (se jodió ios5),6.0
finalmente llegó el galaxy nexus: google y samsung acaban de hacer el tan esperado… URL tech,6.0
"galaxy nexus anunciado oficialmente: pantalla de 4,65 pulgadas y ice cream sandwich URL galaxy_nexus galaxynexus google",6.0
galaxy nexus URL android google no sé yo semejante pantalla...,6.0
galaxy nexus sc-04d | nttドコモ 2011-2012冬春モデル URL android google docomo,6.0
galaxy nexus: el nuevo teléfono de google y samsung - gizmología URL google,6.0
galaxy nexus: el nuevo teléfono de google y samsung android samsung google URL followme,6.0
galaxy nexus: el nuevo teléfono de google y samsung URL nexus google android,6.0
galaxy nexus: google-handy mit hd-display und android 4.0 - heise newsticker URL google,6.0
go to see anything you want! URL phonecase case iphone6 iphone6plus samsung samsung lg URL,6.0
gogogo desenvolvedores! developer.android.com icecreamsandwich galaxynexus google samsung,6.0
"google a pas innové avec un tamagochi, ils ont tout compris google nexusprime",6.0
"galaxy nexus anunciado oficialmente: pantalla de 4,65 pulgadas y ice cream sandwich URL galaxy_nexus galaxynexus google",6.0
galaxy nexus URL android google no sé yo semejante pantalla...,6.0
galaxy nexus sc-04d | nttドコモ 2011-2012冬春モデル URL android google docomo,6.0
galaxy nexus: el nuevo teléfono de google y samsung - gizmología URL google,6.0
galaxy nexus: el nuevo teléfono de google y samsung android samsung google URL followme,6.0
galaxy nexus: el nuevo teléfono de google y samsung URL nexus google android,6.0
galaxy nexus: google-handy mit hd-display und android 4.0 - heise newsticker URL google,6.0
go to see anything you want! URL phonecase case iphone6 iphone6plus samsung samsung lg URL,6.0
gogogo desenvolvedores! developer.android.com icecreamsandwich galaxynexus google samsung,6.0
"google a pas innové avec un tamagochi, ils ont tout compris google nexusprime",6.0
grave c'est même plus une demi-molle là! rt AT_USER kikitoutdur devant ics google nexusprime,6.0
"hé bien c'était cool d'attendre pour voir la conférence :-), j'ai envie du nexus prime de google mnt, et jouer avec icm android 4.0",6.0
URL google nexus 4 unlocked mobilephones technology smartphones nokia cellphones samsung… URL,2.0
URL google nexus 4 unlocked mobilephones technology smartphones nokia cellphones samsung… URL,2.0
i-nexus named as one of the telegraph's top 1000 - free pr site (press release) URL nexus one google,6.0
intégration de la reconnaissance vocale google nexusprime,6.0
"interface a voir en réel pour juger, sinon ice cream sandwich est simplement monstrueux !! nexusprime google ics",6.0
"irgendwie dann doch enttäuschend, das neue google galaxy nexus",6.0
j'adore !! enorme “AT_USER onglets synchronisés avec google chrome (comme honeycomb) google nexusprime”,6.0
japan courses 69. introduction to algorithms - mit URL itunesu itunes iphone apple mac,6.0
le galaxynexus fait bien envie... mais bizarrement ça me gêne qu'il y soit marqué google au dos.,6.0
le galaxy nexus a l'air bien sympa et ics bien repensé. reste à voir les tests ... google android,6.0
le galaxy nexus officialisé samsung google galaxynexus icecream - URL via AT_USER AT_USER AT_USER,6.0
le nfc intégré aussi dans nexus google android '-,6.0
le panorama est très sympa et peut être coupé à tout moment google nexusprime,6.0
lekkere garantie volgens radar bij AT_USER ned1,6.0
lg 60-inch 1080p hz active 3d plasma hdtv 60pm6700 600 URL lg,6.0
"lg display eyes china tv market with super-slim panels: lg display said it plans to supply the ""art sl... URL lg tv",6.0
lg electronics g watch r - smart watch - URL wearabletech sony amazon,6.0
lg electronics g watch r - smart watch - URL wearabletech sony amazon,6.0
lg g3 organic leather sleeve | both sides | URL | lgg3 lg lgg3sleeve lgg3case lgg3cover lgg3portel lgg3pouch,6.0
lg g3 merino felt sleeve / case | acid | URL | lgg3 lg lgg3sleeve lgg3case lgg3cover lgg3portel lgg3pouch,6.0
lg g3 merino felt sleeve / case | acid | URL | lgg3 lg lgg3sleeve lgg3case lgg3cover lgg3portel lgg3pouch,6.0
