critical active zero day exploit in iis that currently causes a denial of service attack URL microsoft iis dos,0.0
"dear microsoft, i should only have to hit the windows update button *once* when manually running updates, not 4 or 5 times. sysadmin",0.0
omnitouch microsoft URL via AT_USER,2.0
omnitouch projector (which is supported by microsoft ) turns anything into a touchscreen URL aracılığıyla AT_USER,2.0
patent wars: google vs. samsung vs. apple vs. motorola vs. microsoft vs. oracle - URL,2.0
reviora can host microsoft dynamics sl msdynerp - URL,2.0
"rol15's fireside chat includes our ""big 3"" panel, w/ reps from google, facebook and microsoft. don't miss out! URL",2.0
seguridadparatodos is using microsoft security essentials and you? (thx AT_USER - our analysis [spanish] URL,2.0
"sigsource microsoft talent source program boasts a procure-to-pay model to manage temp workforce, concept works for vms beeline",2.0
"sigsource microsoft's tami reller says get on the bus and if you don't want to be on the bus, get off the road.",2.0
sigsource dawn evans interviewing microsoft's tim mcbride in sig's inside source exec video series. in a new role in financial operations,2.0
silver &gold apple tumbles no matter how many sold microsoft buys them 4 a nice price so get in there show justsayin droid rules inend,2.0
stage toulouse microsoft net superboîte win8 geeks = URL (please rt ,0.0
startups take note - the rise of micro-acquisitions google pinterest and even microsoft URL,2.0
"steveballmer just called me a ""computer scientist"" :) URL microsoft android",2.0
teamfollowback microsoft investigating windows phone mango zune freezing problems,2.0
teamfollowback -microsoft expands windows phone marketplace to india microsoft windowsphone india,2.0
teamfollowback microsoft q1 2012 earnings results due on thursday microsoft,2.0
it news microsoft microsoft has patented a cure for filthy touchscreens - the next web.. URL,2.0
itasum11 - gadgeteer URL - the new way to make inspire and stimulate learning edugeek kinext microsoft,2.0
jaccusedz rt AT_USER the entreprise version of microsoft office365 is not available yet in algeria... URL,2.0
"job ict system administrator windows: gsi consultants, zug URL microsoft it",2.0
"job ict system engineer (m/w): planova human capital ag, luzern URL microsoft it",2.0
kinect -projector makes all surfaces touchscreen ar touch microsoft xbox360 gaming games URL,2.0
linux licensing in conflict with secure boot support URL opensource uefi microsoft,2.0
microsoft,2.0
microsoft 3q (or 1q12) conferencecall 10/20/11 URL,2.0
microsoft azure media services expands end-to-end cloud video platform with live encoding URL,2.0
microsoft cloud getting physical with virtual servers: q. is it important that windows server and microso... URL tcn,2.0
microsoft cloud getting started with microsoft's windows azure cloud: the lay of ...: good tools integrat... URL tcn,2.0
microsoft cloud gsa loses $2.5 billion cloud contract fight: google recently dropped a case against the d... URL tcn,2.0
microsoft cloud infosys kicks off its cloud drive with microsoft partnership: infosys has accelerated its... URL tcn,2.0
"microsoft cloud microsoft - capture the cloud: ... through the rookie, veteran, and all-star tiers provid... URL tcn",2.0
microsoft cloud microsoft launches virtual academy in kenya: microsoft east and southern africa launched ... URL tcn,2.0
"microsoft cloud microsoft, infosys partner to bring cloud to enterprises: speaking to cmswire before the ... URL tcn",2.0
"microsoft cloud oracle, windows garner different views over multitenant cloud ...: microsoft's cloud appr... URL tcn",2.0
"microsoft cloud steve ballmer at web 2.0: microsoft ceo disses android, iphone: according to geekwire, ba... URL tcn",2.0
"microsoft cloud windows intune: microsoft offers cloud partners new incentive ...: ... calendar year, whi... URL tcn",2.0
microsoft cloud windows+server - rt AT_USER announcing the microsoft ...: windowsazure : AT_USER URL tcn,2.0
microsoft dynamics gp soon to offer 64-bit hyper-v images only : URL,2.0
microsoft edu microsoft's kinect brings 'playful learning' to the xbox 360 - the guardian URL,2.0
microsoft edu ud school board seats up for grabs - delaware county daily times URL,2.0
microsoft lifecam nx-3000 webcam (gray) review URL nx3000 laptopwebcam notebooks laptop,2.0
microsoft scvmm 2012- session by AT_USER - all u need to know about the new 2012 version. e2evc register URL,2.0
microsoft search idea could let you search like miley URL,2.0
microsoft surface 3 first look: gadget watch URL,2.0
microsoft surface 3 first look: gadget watch URL,2.0
microsoft volume 1 microsoft powerpoint procedural syntax URL go! with microsoft powerpoint 2007 volume 1,2.0
microsoft wireless keyboard 3000 review URL wirelesskeyboardandmouse mousecombos,2.0
microsoft (msft) teams with ima for online cim certification through microsoft dynamics seo backlink URL,2.0
microsoft AT_USER microsoft - macro in word 2007 (gerardopaolillo) URL,2.0
microsoft 1st ever global ad campaign:great full circle focus on integrated product connectivity and global relevance URL,2.0
microsoft ‘people-centric’ windows phone 7.5 update released URL,2.0
"microsoft ’s new “great to be a family” adverts begin to air, including office2010 windows7 and wp7. URL AT_USER",2.0
microsoft acquisition of skype has closed. URL will it be integrated this with technology like exchange and outlook?,2.0
microsoft and fujitsu use bigdata and the iot for agricultural production. check it out here: URL,2.0
microsoft and nokia announce suite of ‘microsoft apps’ for nokia’s symbian belle platform URL wp7 wp75,2.0
microsoft announces new “playful learning” titles - wired news : URL av,2.0
microsoft announces official sql server driver for linux - URL sqlserver,2.0
microsoft announces sp3 for office2007 and sharepoint2007.,2.0
microsoft announces two new xbox 360 holiday bundles URL,2.0
microsoft anuncia sql server odbc driver para linux! URL ms linux opensource sql softwarelibre,2.0
microsoft applies for celebrity search patent. bing-o URL hermancain.co directs you to...ronpaul URL,2.0
microsoft are patenting applying personas of celebrities to bing results URL,2.0
microsoft boxes up two new xbox 360 holiday bundles: with the holiday season just around the… URL,2.0
"microsoft bringing touchscreens to walls, clothes, and more URL tech",2.0
microsoft builds a functioning ‘holodesk’ to interact with digital items URL uncategorized,2.0
microsoft builds a functioning ‘holodesk’ to interact with digital items URL,2.0
microsoft builds a functioning 'holodesk' to interact with digital items - URL via AT_USER,2.0
"microsoft ceo steve_ballmer on not buying yahoo: “sometimes, you’re lucky” URL",2.0
"microsoft ceo steve_ballmer on not buying yahoo: “sometimes, you’re lucky” URL",2.0
microsoft ceo looks ahead at social and mobile plans URL marketing,2.0
microsoft ceo on android: you have to be a computer scientist to use it - huffington post URL tech mobile,2.0
"microsoft ceo steve ballmer on not buying yahoo: “sometimes, you’re lucky” URL",2.0
"microsoft ceo steve ballmer on not buying yahoo: “sometimes, you’re lucky” URL mcommerce business",2.0
"microsoft ceo steve ballmer on not buying yahoo : “sometimes, you’re lucky” URL",2.0
"microsoft ceo steve ballmer on not buying yahoo: “sometimes, you’re lucky” URL uncategorized",2.0
"microsoft ceo steve ballmer on not buying yahoo: “sometimes, you’re lucky” &lt;URL",2.0
microsoft changes the yet known# design of windows eight URL,2.0
creating pareto charts using microsoft excel URL,2.0
creating pareto charts using microsoft excel URL,2.0
cyclone ii 1.0.2 URL c++ microsoft music,2.0
database sizing microsoft sharepoint 2010 vmware vmworld URL,2.0
dear microsoft - seize the moment - focus on developing windows7 phones for enterprise solutions. succeed where rim is failing.,2.0
delighted to have passed my AT_USER exam today! microsoft webdevelopment softwaredevelopment,2.0
developers: let microsoft market your app for windows phone URL wp7 wp7dev windowsphone microsoft marketplace,2.0
did a quick video call test between two diff. android tablets using skype & it worked great! microsoft hasn't broken it yet.,2.0
did you know there is a microsoft learning facebook page where you can find deals and course info mctsummitna,2.0
does anyone else get the 'milky white film of business' with visual studio? vs2010 microsoft,2.0
does anyone know if ios will be getting the custom reply feature for the microsoft band? iphone microsoft band smartband,2.0
does anyone out there have some good online training or tips on using inforpath 2010 to build forms with rules? microsoft sharepoint,2.0
doesn't microsoft research's new touch technology resemble a lot the one developed by pranav mistry in ~2009? URL,2.0
"dpr client: AT_USER partnering with microsoft on office 365 webinar tuesday, nov. 1, at 10 a.m. et. sign up! URL",2.0
early cloud microsoft partners can qualify for microsoft cloud accelerate! URL,2.0
"early cloud microsoft partners will be rewarded w/ a cloud accelerate badge, & additional internal use rights! URL",2.0
esse prof acha que ninguém sabe mexer no microsoft word,2.0
everything can be a digital ... URL microsoft carnegiemellon,2.0
"everything can be a digital surface now, courtesy microsoft, carnegie mellon URL microsoft carnegiemellon",2.0
exciting news: microsoft names AT_USER a managed partner in the high potential isv group URL sharepoint,2.0
experience system microsoft windows10... — looking for a laptop,2.0
find & give information about software bugs & help improve microsoft products. apply to become a beta tester URL itpro,2.0
first steps to holographic user interfaces? URL microsoft research,2.0
first time a technology company is in the running for marketer of the year. vote david: URL microsoft AT_USER,2.0
follow AT_USER for insight on microsoft solutions which drive productivity for people and their organizations,2.0
"following dear microsoft ceo's logic, 550,000 android devices activated each day need to belong to computer scientists. i am enlightened!!",2.0
"following goldman sachs, citi group downgrades microsoft rating to ‘sell’ on URL microsoft",2.0
free microsoft adcenter credits URL webhostingcoupon adcenter credits free microsoft,6.0
freesoftwarefoundation publicly warns of danger of implementing microsoft restrictedboot w/o uefi URL anonymous usdor,2.0
funny billgates aprons w/google 1 ranked ltcartoon “got microsoft“? URL humor foodie microsoft,2.0
funny billgates aprons w/google 1 ranked ltcartoon “got microsoft“? URL humor foodie microsoft,2.0
apple microsoft updates office 2016 for mac preview,4.0
"applenews apple microsoft updates office 2016 for mac preview, intros new iphone apps for office 365 URL",4.0
"buffalo, intel, microsoft, ibm are the best pavilions at smau",2.0
cesoth was amazing. who knew consumer electronics were so cool? rep that yelp and snapchat cea ces microsoft URL,4.0
"deals microsoft lumia 535 (black, dual sim) is selling cheaper at inr 8 today URL amazonin",4.0
kinect makes learning playful with help from sesamestreet and nationalgeographic education microsoft URL,4.0
"law international - unitedstates cannot circumvent foreign privacy laws, microsoft says URL via AT_USER",4.0
lumia540 microsoft nokia – microsoft lumia 540 dual sim with 5” 720p display unveiled –… URL windowsphone display,4.0
lumia540 microsoft nokia – microsoft lumia 540 dual sim with 5” 720p display unveiled –… URL windowsphone display,4.0
lumia640 and lumia640 xl: focus on imaging - lumia conversations microsoft news URL,2.0
mango shows microsoft still has the taste for smartphone success URL,4.0
microsoft cloud microsoft offers students free access to its technologies to improve employability: dubbe... URL tcn,4.0
microsoft delve mobile apps now available for android and ios devices: URL office365,2.0
microsoft opens the door to two spanish entrepreneurs with medical project ! URL,4.0
microsoft powerpivot gives users the power to create compelling self-service bi solutions. infinitywebinar,4.0
microsoft research shows holodesk. awesome!!! the holodeck is one step closer! bit.ly/pcmjon kinect /via AT_USER,4.0
microsoft @ isb... watching the new windows 8 in action...pretty impressive! finally a contender to mac os.. interesting battle in store,4.0
microsoft 2755801 - update for vulnerabilities in adobe flash player in internet explorer - version: 39.0: re... URL,4.0
microsoft acquires mobile business intelligence leader datazen - the official microsoft - URL,4.0
"microsoft band hits the uk, with more sensors and a cheaper price than the ... @ techradar منارة_التقنية URL",4.0
microsoft beats google at the cross-platform game: URL,2.0
"microsoft bing is the new king of search, tipped google search URL",2.0
microsoft closes acquisition of r software and services provider URL cloud URL,4.0
microsoft collaborates with leading companies to bring value to customers crm msdyncrm URL,4.0
"microsoft designers who take fascination, curation, simplicity and measurement to a new revolution URL",2.0
microsoft details search improvements in windows 8 start screen URL,4.0
microsoft developing cross-platform 2d games in c# and cocossharp | visual studio toolbox URL,4.0
microsoft dishing out free first-gen wp7 handsets at its stores URL,4.0
microsoft hints at upcoming skype for business windowsphone app URL URL,4.0
microsoft hints at upcoming skype for business windowsphone app URL URL,4.0
microsoft is working hard developing linux. URL,6.0
microsoft microsoft hints at upcoming skype for business windows phone app URL,4.0
microsoft outlines security protections using azure active directory: URL URL,2.0
microsoft presents omnitouch - URL - very impressive and futuristic technology!,4.0
microsoft releases ‘office delve’ app for iphone URL URL,2.0
"microsoft research shows holodesk - looks like science fiction, but is science fact URL",4.0
microsoft roll your own tabata routines for the microsoft band URL,2.0
microsoft 'selawik' is a new alternative to a key windows font — and it's open-source - geekwire URL,4.0
microsoft started rolling out skype for business for users worldwide: (adsbygoogle =… URL,4.0
microsoft store here i come to spend my hard earned cash. vslive,2.0
microsoft studios set to launch ‘major’ dlc for critically acclaimed xbox one puzzler… URL URL,4.0
microsoft tests and proves appsense enterprise scalability! 78k users on one personalization db - URL enterprise,2.0
microsoft to sell xbox one bundled with the witcher 3 in europe and other markets URL URL,4.0
microsoft tries to combine the xbox windowsphone and pc and all of them will share the same neat looking interface. URL,4.0
microsoft word works on my computer again! yessss,2.0
microsoft’s $150 lumia 540 takes dirt cheap to a whole new level URL,4.0
"news apple skype 7.7 for mac adds web link previews, fixes: skype today released version 7.7 of its mac app... URL",4.0
conector de redes sociales de microsoft outlook URL,6.0
configuring microsoft windows psc 6.0 high availability for vmware vsphere 6.0 URL,2.0
"conoce microsoft dynamics nav, software una completa gestión integrada de tu negocio URL navision microsoft",6.0
"cette année encore, microsoft remporte le prix du meilleur service client 2012 URL",6.0
check this out! URL promomyshop qpq twitter iphone microsoft windows music photo flora art,6.0
check this site URL for best soft weres. microsoft prince_156,6.0
"démo, création d'un cluster par AT_USER vad microsoft visualstudio datamining URL",6.0
daily video: microsoft launches skype for business URL,2.0
definitivní: skype pod microsoft. co to pro nás znamená? - URL,6.0
deprovisioning in-depth: part 2 - explicit disconnectors URL microsoft,2.0
die apple story heute abend in dok auf sf1 war ziemlich beeindruckend r.i.p. stevejobs - doch wo wäre apple heute ohne microsoft ?,6.0
"directivos de google, microsoft o ibm reflexionarán sobre cómo vender más utilizando las nuevas tecnologías URL",6.0
"domani a smau con microsoft si parla di html5, kinect sdk, webmatrix, private cloud e ci sono i lab su azure, URL",6.0
dr. ogalinski - el proyecto omnitouch de microsoft: todo el mundo es un touchscreen URL,6.0
"dropbox, el servicio de almacenamiento en la nube, por las nubes URL web microsoft tecnologia",6.0
"e dai uma empresa va me contratar pra ser modelo, e eu serie socio da microsoft ou da appel",6.0
definitivní: skype pod microsoft. co to pro nás znamená? - URL,6.0
deprovisioning in-depth: part 2 - explicit disconnectors URL microsoft,2.0
die apple story heute abend in dok auf sf1 war ziemlich beeindruckend r.i.p. stevejobs - doch wo wäre apple heute ohne microsoft ?,6.0
"directivos de google, microsoft o ibm reflexionarán sobre cómo vender más utilizando las nuevas tecnologías URL",6.0
"domani a smau con microsoft si parla di html5, kinect sdk, webmatrix, private cloud e ci sono i lab su azure, URL",6.0
dr. ogalinski - el proyecto omnitouch de microsoft: todo el mundo es un touchscreen URL,6.0
"dropbox, el servicio de almacenamiento en la nube, por las nubes URL web microsoft tecnologia",6.0
"e dai uma empresa va me contratar pra ser modelo, e eu serie socio da microsoft ou da appel",6.0
excelente articulo! rt AT_USER interesting read - how apple eclipsed microsoft URL via AT_USER (cc: AT_USER,0.0
feliz por mi nombramiento microsoft student partner nicaragua :d a trabajar por el desarrollo tecnológico de nuestra patria nicaragua fb,6.0
ff account aan microsoft outlook toevoegen microsoft,6.0
fico impressionado como qualquer software microsoft fode com meu mac,6.0
for sale!! URL ebaymobile ebay microsoft apple office 2011 sale new original mac,6.0
ford edge! muy bonito 38k pero el sync ke usa es microsoft para los cells! usara windows update? panama URL,6.0
gamefly's 'under $20' sale has too many good values URL 3ds deadspace2 ds lanoire microsoft,6.0
ge microsoft #apple vulnerable to tax reform on foreign profits news market business URL,6.0
ge microsoft #apple vulnerable to tax reform on foreign profits news market business URL,6.0
get powerful insights from the manufacturer and microsoft in 5 minutes URL msdyngp erp crm URL,2.0
gibt es nun auch sicherheitslücken bei microsoft? mehrere seiten berichten über gehackte xbox-live-accounts: URL xbox,6.0
google adds default end-to-end encryption to search URL via AT_USER ik zeg: goed bezig! jammer dat microsoft achter,6.0
google резко раскритиковала дизайн microsoft и apple URL google microsoft apple,2.0
gamefly's 'under $20' sale has too many good values URL 3ds deadspace2 ds lanoire microsoft,6.0
ge microsoft #apple vulnerable to tax reform on foreign profits news market business URL,6.0
ge microsoft #apple vulnerable to tax reform on foreign profits news market business URL,6.0
get powerful insights from the manufacturer and microsoft in 5 minutes URL msdyngp erp crm URL,2.0
gibt es nun auch sicherheitslücken bei microsoft? mehrere seiten berichten über gehackte xbox-live-accounts: URL xbox,6.0
google adds default end-to-end encryption to search URL via AT_USER ik zeg: goed bezig! jammer dat microsoft achter,6.0
google резко раскритиковала дизайн microsoft и apple URL google microsoft apple,2.0
grattis microsoft ! jag måste alltså ta bort helvetica om jag ska köra ie9 och/eller outlook?,6.0
ha ha rotfl steveballmer haalt uit naar android URL achterhoede gevecht v microsoft,6.0
"hace tiempo:: según microsoft, firefox es spyware URL firefox microsoft",6.0
hallelujah! rt AT_USER voor links van martin microsoft zijn qr codes dan weer wel handig..in een publiek zoals dit althans :) augnl,6.0
halo: combat evolved anniversary microsoft explica cómo funcionarán el remake de halo y kinect URL,6.0
haroldvandekamp: which cloud-based microsoft mdm solution best fits your needs? see intune and office365 built-… URL,6.0
hawaii five.0 kijken. ruim gesponsord door microsoft 'i will upload this on skydrive' 'i just found that on skydrive' productplacement,6.0
URL dat het een lompe boer is : dat wisten we al. dat ie het echt niet snapt weten we nu ook. fail balmer microsoft,6.0
URL wash buckler* skylanders figure (xbox/ps3/ps4/wii/wiiu/3ds/pc/mac/ios) ps4 sony ps3 ga… URL,6.0
URL gaming microsoft xbox one (latest model)- call of duty: advanced warfare limited... URL,6.0
URL gaming microsoft xbox one (latest model)- 500 gb black console (with kinect),6.0
URL shroom boom* skylanders figure (wii/wiiu/3ds/ps3/ps4/xbox/pc/mac/ios) ps4 sony ps3 gam… URL,6.0
URL microsoft xbox 360 e (latest model)250 gb black,6.0
URL sale microsoft xbox 360 e (latest model)250 gb black URL,6.0
"URL &lt;-- en je moet nog technischer zijn om windows stabiel te krijgen, pikkie balmer! microsoft dommemensen",6.0
URL bouncer* skylanders figure (wii/wiiu/3ds/ps3/ps4/xbox/pc/mac/ios) ps4 sony ps3 gaming … URL,6.0
URL microsoft xbox one (latest model)- day one edition 500 gb black console URL,2.0
URL hot head* skylanders figure (wii/wiiu/3ds/ps3/ps4/xbox/pc/mac/ios) ps4 sony ps3 gaming… URL,6.0
URL gaming microsoft xbox one (latest model)- call of duty: advanced warfare limited...,6.0
URL swarm* skylanders figure (wii/wiiu/3ds/ps3/ps4/xbox/pc/mac/ios) ps4 sony ps3 gaming p… URL,6.0
URL gaming microsoft xbox one (latest model)- 500 gb black console (with kinect) w/ 2 games URL,6.0
URL مايكروسوفت تقوم بتطوير تقنية تمكنك من استخدام يدك كهاتف technology microsoft new,2.0
URL terrafin* series2 skylanders figure (wii/wiiu/3ds/ps3/ps4/xbox/pc/mac/ios) ps4 sony ps3… URL,6.0
"URL ""microsoft-chef ballmer lästert über android"" microsoft yumad derstandard",2.0
URL free software foundation (fsf) startet eine kampagne gegen die funktion windows8 secureboot (uefi) microsoft,6.0
URL url unblocker microsoft proxy proxy for orkut gmail proxy microsoft proxy server unblocked proxy site freega...,6.0
URL blast zone* skylanders swappable figure (wii/wiiu/3ds/ps3/ps4/xbox/pc/mac/ios) ps4 sony … URL,6.0
URL microsoft xbox one (latest model)- day one edition 500 gb black console,2.0
URL microsoft xbox one (latest model)- 500 gb black console (with kinect),6.0
URL sonic boom* series2 skylanders figure (wii/wiiu/3ds/ps3/ps4/xbox/pc/mac/ios) ps4 sony p… URL,6.0
URL jet vac-lightcore* skylanders figure (wii/wiiu/3ds/ps3/ps4/xbox/pc/mac/ios) ps4 sony ps… URL,6.0
URL appleagagné apple versus microsoft,6.0
URL pop fizz* skylanders figure (wii/wiiu/3ds/ps3/ps4/xbox/pc/mac/ios) ps4 sony ps3 gaming… URL,6.0
URL trigger happy* series2 skylanders figure (wii/wiiu/3ds/ps3/ps4/xbox/pc/mac/ios) ps4 sony… URL,6.0
"URL nokia workers ask,is ceo stephen elop a microsoft mole??",6.0
URL ağzına sıçmaya geliyoruz apple ve microsoft,6.0
URL gaming microsoft xbox one (latest model)- day one edition 500 gb black console,2.0
URL microsoft xbox one (latest model)- 500 gb black console (with kinect) URL,6.0
URL found article on heise.de microsoft kündigt offiziellen sql server treiber für linux an,2.0
"URL &lt;-- en je moet nog technischer zijn om windows stabiel te krijgen, pikkie balmer! microsoft dommemensen",6.0
URL bouncer* skylanders figure (wii/wiiu/3ds/ps3/ps4/xbox/pc/mac/ios) ps4 sony ps3 gaming … URL,6.0
URL microsoft xbox one (latest model)- day one edition 500 gb black console URL,2.0
URL hot head* skylanders figure (wii/wiiu/3ds/ps3/ps4/xbox/pc/mac/ios) ps4 sony ps3 gaming… URL,6.0
URL gaming microsoft xbox one (latest model)- call of duty: advanced warfare limited...,6.0
URL swarm* skylanders figure (wii/wiiu/3ds/ps3/ps4/xbox/pc/mac/ios) ps4 sony ps3 gaming p… URL,6.0
URL gaming microsoft xbox one (latest model)- 500 gb black console (with kinect) w/ 2 games URL,6.0
URL مايكروسوفت تقوم بتطوير تقنية تمكنك من استخدام يدك كهاتف technology microsoft new,2.0
URL terrafin* series2 skylanders figure (wii/wiiu/3ds/ps3/ps4/xbox/pc/mac/ios) ps4 sony ps3… URL,6.0
"URL ""microsoft-chef ballmer lästert über android"" microsoft yumad derstandard",2.0
URL free software foundation (fsf) startet eine kampagne gegen die funktion windows8 secureboot (uefi) microsoft,6.0
URL url unblocker microsoft proxy proxy for orkut gmail proxy microsoft proxy server unblocked proxy site freega...,6.0
URL blast zone* skylanders swappable figure (wii/wiiu/3ds/ps3/ps4/xbox/pc/mac/ios) ps4 sony … URL,6.0
URL microsoft xbox one (latest model)- day one edition 500 gb black console,2.0
URL microsoft xbox one (latest model)- 500 gb black console (with kinect),6.0
URL sonic boom* series2 skylanders figure (wii/wiiu/3ds/ps3/ps4/xbox/pc/mac/ios) ps4 sony p… URL,6.0
URL jet vac-lightcore* skylanders figure (wii/wiiu/3ds/ps3/ps4/xbox/pc/mac/ios) ps4 sony ps… URL,6.0
URL appleagagné apple versus microsoft,6.0
URL pop fizz* skylanders figure (wii/wiiu/3ds/ps3/ps4/xbox/pc/mac/ios) ps4 sony ps3 gaming… URL,6.0
URL trigger happy* series2 skylanders figure (wii/wiiu/3ds/ps3/ps4/xbox/pc/mac/ios) ps4 sony… URL,6.0
"URL nokia workers ask,is ceo stephen elop a microsoft mole??",6.0
URL ağzına sıçmaya geliyoruz apple ve microsoft,6.0
URL gaming microsoft xbox one (latest model)- day one edition 500 gb black console,2.0
URL microsoft xbox one (latest model)- 500 gb black console (with kinect) URL,6.0
URL found article on heise.de microsoft kündigt offiziellen sql server treiber für linux an,2.0
URL microsoft xbox one (latest model)- 500 gb black console (with kinect),6.0
URL gaming microsoft xbox one (latest model)- day one edition 500 gb black console URL,2.0
URL lightning rod series2 skylanders figure (wii/wiiu/3ds/ps3/ps4/xbox/pc/mac/ios) ps4 sony … URL,6.0
it speaks a lot about his employer microsoft too. URL,2.0
it-concern enige microsoft dienstverlener in gorinchem met 1 gold & 3 silver statussen pinpoint URL dat zegt genoeg!,6.0
leak: microsoft windows 10 for smaller tablets shows killer ui features ahead of release date: new three-do... URL,2.0
lets play a game URL ie microsoft useragent yourbrowsermatters AT_USER AT_USER AT_USER AT_USER,6.0
"leuk, ik ontving net een mooi boeket bloemen thuis van microsoft, als dank voor mijn bijdrage en waardevolle input. caretoshareknowledge",6.0
licentie vraag over vmware citrix microsoft trendmicro symantec quest oracle mcafee desktopvirtualisatie appsense ea AT_USER,6.0
live tweeting publiccloud webinar: long-term iaas leaders will be aws google microsoft URL,2.0
"lo último y lo mejor de windows 7, todo en un único lugar. URL windows7 microsoft",6.0
los drm están construidos en el corazón de windows 7 » URL microsoft monopolio,6.0
