microsoft and nokia announce suite of ‘microsoft apps’ for nokia’s symbian belle platform URL wp7 wp75,2.0
lumia540 microsoft nokia – microsoft lumia 540 dual sim with 5” 720p display unveiled –… URL windowsphone display,4.0
lumia540 microsoft nokia – microsoft lumia 540 dual sim with 5” 720p display unveiled –… URL windowsphone display,4.0
nokia alcatellucent – nokia to buy alcatel-lucent in… URL business tech alcatellucent alcatellucent apple,6.0
URL nokia 6310i jet black mobilephones technology smartphones nokia cellphones samsung … URL,6.0
URL iphone 5 16gb black ee mobilephones technology smartphones nokia cellphones samsung … URL,6.0
URL google nexus 4 unlocked mobilephones technology smartphones nokia cellphones samsung… URL,2.0
URL nokia 301 black mobilephones technology smartphones nokia cellphones samsung qna f… URL,6.0
URL iphone 5c mobilephones technology smartphones nokia cellphones samsung qna follow URL,6.0
"URL nokia workers ask,is ceo stephen elop a microsoft mole??",6.0
URL nokia 6310i jet black mobilephones technology smartphones nokia cellphones samsung … URL,6.0
URL iphone 5 16gb black ee mobilephones technology smartphones nokia cellphones samsung … URL,6.0
URL google nexus 4 unlocked mobilephones technology smartphones nokia cellphones samsung… URL,2.0
URL nokia 301 black mobilephones technology smartphones nokia cellphones samsung qna f… URL,6.0
URL iphone 5c mobilephones technology smartphones nokia cellphones samsung qna follow URL,6.0
"URL nokia workers ask,is ceo stephen elop a microsoft mole??",6.0
