damn my samsung galaxynote4 looks so dope naked af ..i took the case off her and shes looks so gooodd but this is dangerous.have to wrapup,4.0
dear google & samsung... learn some presentation 101 first. please.,0.0
patent wars: google vs. samsung vs. apple vs. motorola vs. microsoft vs. oracle - URL,2.0
samsung galaxy nexus hands-on (video) URL mobile android4 galaxynexus google,2.0
"samsung google galaxynexus we got the lowdown after the hong kong press release, check it out: URL",2.0
samsung google nexus,6.0
samsung google announce new phone and then the apple applestore goes down. a little strange or am i reading too much into this?,2.0
samsung news samsung struggles to keep up with apple's juicy profit margins: one of t... URL URL,6.0
samsung & google unveil latest android phone using icecreamsandwich URL,2.0
"samsung 40 inches full hd slim led television for rs. 25,999. (mrp rs. 52.300) visit:URL URL",6.0
samsung and google introduce galaxy nexus URL via AT_USER android,2.0
samsung and google's ice cream sandwich event liveblog! URL android icecreamsandwich,2.0
samsung expected to raise guidance on galaxy s6 nearly 50% from 35-40m units to 50-55m on strength of edge URL,4.0
samsung galaxy nexus hands-on (video) URL android galaxynexus galaxynexus google,2.0
"samsung galaxy nexus smartphone, android 4.0 ice cream sandwich unveiled by google… URL bt",2.0
samsung galaxy nexus is now confirmed URL googlenews mobile android40icecreamsandwich google,2.0
samsung galaxy s iii sgh-i747 - 16gb - garnet red (at&amp,2.0
samsung struggles to keep up with apple's juicy profit margins - forbes aapl URL,2.0
samsunggalaxynexus google android face unlock.ice cream sandwich literally knows your face. URL,2.0
samsunggalaxynexus google android icecreamsandwich URL,2.0
samsunggalaxynexus google android icecreamsandwich URL,2.0
samsunggalaxynexus google android icecreamsandwich. new browser URL,2.0
samsunggalaxynexus google android URL,2.0
teamgooglenexus rt AT_USER google + samsung = perfect icecream sandwich galaxynexus,4.0
damn!!! galaxy nexus google android URL time for me to upgrade my nexus s xd,2.0
"does at&amp;t, verizon, sprint, or t-mobile offer the best samsung galaxy s6 deal? URL eyebalz buzz",2.0
engadget following android galaxy nexus event google samsung ics URL,2.0
fight: galaxy nexus vs. droid razr vs. iphone 4s URL android iphone google,2.0
galaxy nexus android ics barometer will undoubtedly be used to add 3d to google maps.,2.0
apple samsung electronics co has created a team just for apple inc screens as relations thaw: sources: … wor... URL,4.0
appleteam applevssamsung – samsung said to create apple team in display unit to boost ties :… URL apple samsung,4.0
appleteam applevssamsung – samsung said to create apple team in display unit to boost ties :… URL apple samsung,4.0
autogoogbot samsung: demand for galaxy s6 'much higher' than expected - inquirer URL URL # inq…,4.0
deals samsung galaxy grand 2 (black) is selling cheaper at inr 14 today URL amazonin,4.0
gadgets URL technology-news wearables samsung gear fit available for $99 on amazon URL,4.0
galaxy a8 may be samsung’s next all-metal phablet - URL samsung phones,2.0
galaxys6edge grand launching of samsung galaxy s6 pakistanisnow samsung s6 encyclomediapr jbnjaws lahore via URL,2.0
google galaxynexus icecream great,6.0
"google / samsung galaxy nexus ics press release is now done, i'll go back to my regular tweeting intervals now :) i want it!",4.0
huawei p8 p8max making sense than any other android manufacturer. drools a lesson for all samsung htc apple doitright,4.0
partnershealthcare and samsung makes remote monitoring agreement URL,4.0
samsung embrace sensorial experience milandesignweek isaloni isuni2015 URL,6.0
samsung apple – samsung is creating a team that will make screens for apple devices only – samsung… URL business a9,4.0
samsung apple – samsung is creating a team that will make screens for apple devices only – samsung… URL business a9,4.0
samsung galaxy s6 and galaxy s6 edge officially arrived in pakistan... URL,4.0
samsung galaxy s6 and galaxy s6 edge officially arrived in pakistan... URL,4.0
samsung galaxy s6 edge sales surpass expectations. 300k pre shipment orders. URL,4.0
samsung smarthome fuorisalone2015 wow wow wow!!! (@ samsung district - AT_USER URL URL,4.0
samsung ✨ samsung starts production on sm951-nvme -- world's first m.2 nvme pcie ssd - betanews: betanewssams... URL,6.0
samsung apple's linx imaging acquisition: the israeli startup that will give iphones p... URL URL,4.0
samsung creates team of about 200 employees working exclusively on apple products URL,4.0
samsung creates team to make screens for apple devices - bloomberg via AT_USER URL URL,4.0
samsung devotes a team of 200 to making apple displays. co-opetition mobile smartphone URL via AT_USER,4.0
samsung forms dedicated 200 to work exclusively on apple products. AT_USER sig intellectualproperty URL,4.0
samsung galaxy nexus = orbital laser. apple iphone 4s = wooden stick google,4.0
samsung has a team of 200 people dedicated to making apple displays - URL macbooks,4.0
samsung has a team of 200 people dedicated to making apple displays - URL macbooks,4.0
"samsung is expected to expand its galaxy a-series to add a6, a8, and a9 soon URL $ssnlf URL",4.0
samsung is the leading importer at longbeach: URL AT_USER AT_USER URL,4.0
samsung note 10.1 flying the geohipster flag w/the help of AT_USER URL,4.0
samsung reportedly moving ahead with a pair of new tizen phones - zdnet URL,4.0
samsung samsung reportedly moving ahead with a pair of new tizen phones: samsung has t... URL URL,4.0
samsung samsung reportedly moving ahead with a pair of new tizen phones: samsung has t... URL URL,4.0
samsung sets up 200 person team to build displays for apple URL,4.0
samsung verizon sends out lollipop for its samsung galaxy note 3: ah-galaxy-note-3-logo-3.0 tod... URL samsung-note,4.0
samsung: demand for galaxys6 steeper than expected - URL URL,4.0
"con algunos ""hiccups"" durante la presetnación de android 4.0 pero todo pinta genial. muy bien ahí google samsung galaxynexus",6.0
conoce al nuevo samsung galaxynexus con android 4.0 icecreamsandwich - URL google smartphones,6.0
check out samsung galaxy s4-oem-lcd digitizer screen assembly black samsung URL via AT_USER,6.0
check out genuine samsung sm-r130 gear circle bluetooth head set vibrating neck black samsung URL via AT_USER,6.0
check out samsung galaxy s iii sph-l710 - 16gb - pebble blue (sprint) smartphone samsung bar URL via AT_USER,6.0
check this bargain! samsung not#ebook i3 2.4 2gb 320gb 14led dvdrw w7 pro URL tech deals,6.0
"ну собственно, товарищи, фотки интерфейса google galaxynexus кто еще не видел: URL",2.0
das neue google galaxy nexus haut mich nicht so sehr vom hocker. ist meiner meinung nach nur ein wenig besser als das sgs2.,6.0
data usage: nada mais de aplicativos para monitorar tráfego de dados icecreamsandwich galaxynexus google samsung,6.0
"does att, verizon, sprint, or tmobile offer the best samsung galaxys6 deal? | the motley fool URL",6.0
durable hard case cover for samsung galaxy s2 i9100 - baby owl: £2.99end date: saturday apr-18-2015 ... URL samsung,6.0
"does att, verizon, sprint, or tmobile offer the best samsung galaxys6 deal? | the motley fool URL",6.0
durable hard case cover for samsung galaxy s2 i9100 - baby owl: £2.99end date: saturday apr-18-2015 ... URL samsung,6.0
excelente. proximo cel? rt AT_USER presentanción android 4.0 y samsung nexus prime - URL google. (se jodió ios5),6.0
fast charging - samsung galaxys6 official tvc AT_USER URL,6.0
featured review: verus 2link case for the samsung galaxy s6 edge - android headlines - andr... URL samsung galaxys6,2.0
finally got my s6!!! amazing galaxy samsung URL,4.0
finalmente llegó el galaxy nexus: google y samsung acaban de hacer el tan esperado… URL tech,6.0
"galaxy nexus anunciado oficialmente: pantalla de 4,65 pulgadas y ice cream sandwich URL galaxy_nexus galaxynexus google",6.0
galaxy nexus URL android google no sé yo semejante pantalla...,6.0
galaxy nexus sc-04d | nttドコモ 2011-2012冬春モデル URL android google docomo,6.0
galaxy nexus: el nuevo teléfono de google y samsung - gizmología URL google,6.0
galaxy nexus: el nuevo teléfono de google y samsung android samsung google URL followme,6.0
galaxy nexus: el nuevo teléfono de google y samsung URL nexus google android,6.0
galaxy nexus: google-handy mit hd-display und android 4.0 - heise newsticker URL google,6.0
get discount on samsung scx-3405fw/xac wireless monochrome printer URL,6.0
go to see anything you want! URL phonecase case iphone6 iphone6plus samsung samsung lg URL,6.0
gogogo desenvolvedores! developer.android.com icecreamsandwich galaxynexus google samsung,6.0
good condition samsung sgh-i717 galaxy note at&amp,6.0
good or bad ... let us know .... ----- sammobie samsung galaxys6 galaxys6edge URL,6.0
"galaxy nexus anunciado oficialmente: pantalla de 4,65 pulgadas y ice cream sandwich URL galaxy_nexus galaxynexus google",6.0
galaxy nexus URL android google no sé yo semejante pantalla...,6.0
galaxy nexus sc-04d | nttドコモ 2011-2012冬春モデル URL android google docomo,6.0
galaxy nexus: el nuevo teléfono de google y samsung - gizmología URL google,6.0
galaxy nexus: el nuevo teléfono de google y samsung android samsung google URL followme,6.0
galaxy nexus: el nuevo teléfono de google y samsung URL nexus google android,6.0
galaxy nexus: google-handy mit hd-display und android 4.0 - heise newsticker URL google,6.0
get discount on samsung scx-3405fw/xac wireless monochrome printer URL,6.0
go to see anything you want! URL phonecase case iphone6 iphone6plus samsung samsung lg URL,6.0
gogogo desenvolvedores! developer.android.com icecreamsandwich galaxynexus google samsung,6.0
good condition samsung sgh-i717 galaxy note at&amp,6.0
good or bad ... let us know .... ----- sammobie samsung galaxys6 galaxys6edge URL,6.0
hands free ipad use at any angle URL tablet samsung lenovo,6.0
heading to coachella weekend 2? stop by AT_USER galaxy tent to experience the galaxys6. the camera is unbeatable. samsung,6.0
URL nokia 6310i jet black mobilephones technology smartphones nokia cellphones samsung … URL,6.0
URL how to unlock samsung galaxy s6 - any carrier or country URL carrier galaxy samsung unlock,4.0
URL ipad air 16gb wifi brand new tablet android phone ipad camera amazon iphone samsung URL,6.0
URL ipad air 2 wifi 64gb gold tablet android phone ipad camera amazon iphone samsung URL,6.0
URL looking for lightning usb phone cables ? iphone samsung htc motorola URL,6.0
URL iphone 5 16gb black ee mobilephones technology smartphones nokia cellphones samsung … URL,6.0
URL apple ipad2 (16gb) white tablet android phone ipad camera amazon iphone samsung URL,6.0
URL google nexus 4 unlocked mobilephones technology smartphones nokia cellphones samsung… URL,2.0
URL nokia 301 black mobilephones technology smartphones nokia cellphones samsung qna f… URL,6.0
URL iphone 5c mobilephones technology smartphones nokia cellphones samsung qna follow URL,6.0
URL nokia 6310i jet black mobilephones technology smartphones nokia cellphones samsung … URL,6.0
URL how to unlock samsung galaxy s6 - any carrier or country URL carrier galaxy samsung unlock,4.0
URL ipad air 16gb wifi brand new tablet android phone ipad camera amazon iphone samsung URL,6.0
URL ipad air 2 wifi 64gb gold tablet android phone ipad camera amazon iphone samsung URL,6.0
URL looking for lightning usb phone cables ? iphone samsung htc motorola URL,6.0
URL iphone 5 16gb black ee mobilephones technology smartphones nokia cellphones samsung … URL,6.0
URL apple ipad2 (16gb) white tablet android phone ipad camera amazon iphone samsung URL,6.0
URL google nexus 4 unlocked mobilephones technology smartphones nokia cellphones samsung… URL,2.0
URL nokia 301 black mobilephones technology smartphones nokia cellphones samsung qna f… URL,6.0
URL iphone 5c mobilephones technology smartphones nokia cellphones samsung qna follow URL,6.0
i hate even numbers but i want the s6 thestruggle samsung imnotweird,0.0
"irgendwie dann doch enttäuschend, das neue google galaxy nexus",6.0
le galaxynexus fait bien envie... mais bizarrement ça me gêne qu'il y soit marqué google au dos.,6.0
le galaxy nexus a l'air bien sympa et ics bien repensé. reste à voir les tests ... google android,6.0
le galaxy nexus officialisé samsung google galaxynexus icecream - URL via AT_USER AT_USER AT_USER,6.0
leisure time with the vacation.. latepost chelsea jersey samsung myfav footballteam… URL,6.0
"los fabricantes de móviles y su integración con las redes sociales: sony ericson apunta a facebook, apple a twitter y samsung a google+",6.0
"love, just love. buenosaires argentina hotchocolate churros photooftheday samsung love AT_USER URL",6.0
