"comparing AT_USER live with AT_USER apps and AT_USER icloud , i do not see icloud leading the crowd. do you agree ?",0.0
dash cam video shows police cruiser running over suspect in arizona URL us usworld tech startups apple news kot,0.0
"deadly wildfires sweep across siberia, scorching entire towns URL climate russia tech startups apple news kot",6.0
opinion AT_USER need to be careful in AT_USER patents issues - it looks a lot like you 'learned' a lot by making their chips!,2.0
predictiveanalytics is cool! learn more about predictive techniques at these ibm spss workshops in texas: URL,2.0
"rol15's fireside chat includes our ""big 3"" panel, w/ reps from google, facebook and microsoft. don't miss out! URL",2.0
"seo serps ballmer: 70% of the time, google & bing are the same, so try bing! by AT_USER URL google yahoo bing",2.0
seotips to find out what web pages of your website are indexed by google simply google --&gt,0.0
sony hdr-as200v rare playmemoriesmobile URL,6.0
sony hdr-as200v wee playmemoriesmobile URL,6.0
sony model-name playmemoriesmobile URL,6.0
sony netflix: 'the interview' showed movies can coexist online and in theaters: sony's experience offering th... URL,2.0
sony xperia - URL | URL event flashmob jakarta potatoheadgarage,2.0
startups take note - the rise of micro-acquisitions google pinterest and even microsoft URL,2.0
stockiexchange episode 2 is live! learn 3 marketing opps. from the apple ios83 update. hustle vaynernation URL,2.0
troyhopson needs a twitter. swear,2.0
microsoft and nokia announce suite of ‘microsoft apps’ for nokia’s symbian belle platform URL wp7 wp75,2.0
dear AT_USER why did my apple id change to my colleagues&39; when i charged on her mac? now can&39;t download or update apps. iphone,2.0
did he just say hipster filters? google android,2.0
does anyone out there have some good online training or tips on using inforpath 2010 to build forms with rules? microsoft sharepoint,2.0
face fusion...AT_USER AT_USER not sure whether i love this or find it creepy. sony? foldwyn? 😱 URL,2.0
finally updated lollipop android sony xperiaz3 lookingsexy beast URL,4.0
first steps to holographic user interfaces? URL microsoft research,2.0
gmusic unites google music with apple ios [apps] URL,6.0
gmusic unites google music with apple ios [apps] URL,6.0
galaxy nexus android ics barometer will undoubtedly be used to add 3d to google maps.,2.0
apple offers more wwdc scholarships to promote diversity URL,4.0
apple offers more wwdc scholarships to promote diversity URL,4.0
apple to offer more scholarships to promote diversity at wwdc URL,4.0
"applenews apple microsoft updates office 2016 for mac preview, intros new iphone apps for office 365 URL",4.0
deals sony xperia c3 dual sim (white) is selling cheaper by 3% at inr 16499 today URL snapdeal,4.0
google finally!! all searches for logged in users will be on https! URL,2.0
gta gtav sony playstation ps4 rockstargames leandromoikano grand theft auto 5 - parte 4 URL,6.0
"ios8 ios9 – with ios 9 around the corner, ios 8 adoption stops dead in its… URL ipad iphone apple ios ios8",4.0
lg 7 tips to flex the lg g flex 2's muscles: the beauty of android is its notifications - easy to ac... URL android,4.0
microsoft delve mobile apps now available for android and ios devices: URL office365,2.0
microsoft tests and proves appsense enterprise scalability! 78k users on one personalization db - URL enterprise,2.0
samsung note 10.1 flying the geohipster flag w/the help of AT_USER URL,4.0
company executives poorly placed to handle rising cyber risk: kpm URL technologynews tech startups apple news kot,6.0
computer sciences corp to cut 10 percent of nordic staff URL technologynews tech startups apple news kot,6.0
"con algunos ""hiccups"" durante la presetnación de android 4.0 pero todo pinta genial. muy bien ahí google samsung galaxynexus",6.0
configuring microsoft windows psc 6.0 high availability for vmware vsphere 6.0 URL,2.0
connect your apps to db2 with high-security kerberos URL ibm data,6.0
connected apple analyst says tsmc will provide 30 of a9 chips for next iphone URL,6.0
conservative group to audition republican candidates for 2016 URL politicsnews tech startups apple news kot,6.0
cgm preview: godzilla built for the fans URL ps4 cogps4 sony,6.0
check out sony dvp-ns57p dvd player sony URL via AT_USER,6.0
china paid 100. total unarchiver free - zip-rar inc. URL mac itunes apps apple,6.0
china paid 58. speed test - now check your internet speed - sun zhi feng URL mac itunes apps apple,6.0
china paid 60. oddworld: stranger's wrath - oddworld inhabitants inc URL mac itunes apps apple,6.0
china paid 62. lumino city - state of play games URL mac itunes apps apple,6.0
china paid 63. jpegmini - icvt ltd. URL mac itunes apps apple,6.0
china paid 67. spotlife - chronos inc. URL mac itunes apps apple,6.0
china paid 68. antivirus by max secure - max secure software india private limited URL mac itunes apps apple,6.0
china paid 73. subtitles theeditor - wide sd URL mac itunes apps apple,6.0
china paid 74. shades - alteru inc. URL mac itunes apps apple,6.0
dark souls 2: scholar of the first sin review this punishing gem just got better | cog URL ps4 cogps4 sony,6.0
develop node.js apps without leaving your browser ibm URL,6.0
do you develop software on sap hana? then don't miss out on the new features with sps09. join today for free URL,4.0
do you like dance? apple apps on applestore itunes radio webradio music top40 URL,6.0
ecb holds rates: here comes draghi... URL trending tech startups apple news kot,6.0
ecb holds rates: here comes draghi... URL trending tech startups apple news kot URL,6.0
develop node.js apps without leaving your browser ibm URL,6.0
do you develop software on sap hana? then don't miss out on the new features with sps09. join today for free URL,4.0
do you like dance? apple apps on applestore itunes radio webradio music top40 URL,6.0
ecb holds rates: here comes draghi... URL trending tech startups apple news kot,6.0
excelente articulo! rt AT_USER interesting read - how apple eclipsed microsoft URL via AT_USER (cc: AT_USER,0.0
exclusive: six percent of us adults plan to buy apple watch @ reuters/ipsos poll @ reuters منارة_التقنية URL,6.0
foursquare’s new pinpoint ad platform sells ads based on users’ loca URL insider tech startups apple news kot,6.0
france stands by choice of gay vatican envoy URL trending tech startups apple news kot,6.0
frontline commando URL apple appstore ipad iphone,6.0
fullscreen überall nur der appstore hat keine option dafür. warum? AT_USER,6.0
gamestop will soon resume trading in classic games and consoles URL trending tech startups apple news kot,6.0
get getlikes in the appstore! boost your instagram likes naturally and for free! apple ipad iphone ios URL,6.0
global disco apple apps on applestore itunes radio webradio music 70s 80s 90s 00s top40 dance pop URL,6.0
gmusic une google music con apple ios [apps] apple google ios URL,6.0
"gone viral! over 146,000 views! see the video˚secret thoughts-a medical thriller URL kindle sony happyfriday",6.0
google apps coming to google+ ‘within days’,2.0
google+ to support pseudonyms URL google+ googlesocialmedia googleventures facebook twitter socialmediamarketing,2.0
gamestop will soon resume trading in classic games and consoles URL trending tech startups apple news kot,6.0
get getlikes in the appstore! boost your instagram likes naturally and for free! apple ipad iphone ios URL,6.0
global disco apple apps on applestore itunes radio webradio music 70s 80s 90s 00s top40 dance pop URL,6.0
gmusic une google music con apple ios [apps] apple google ios URL,6.0
"gone viral! over 146,000 views! see the video˚secret thoughts-a medical thriller URL kindle sony happyfriday",6.0
google apps coming to google+ ‘within days’,2.0
google+ to support pseudonyms URL google+ googlesocialmedia googleventures facebook twitter socialmediamarketing,2.0
URL sony playstation 4 - 500 gb - black - gta 5 - fifa 15 - cod advanced warfare ps4 sony p… URL,6.0
URL gaming sony ps3 500 gb ps vita 32 gb and games,6.0
URL call of duty: advanced warfare for sony playstation 4 ps4 sony ps3 gaming playstation… URL,6.0
URL sony playstation 4 (latest model)- 500 gb jet black console ps4 sony ps3 gaming plays… URL,6.0
URL sony playstation 4 (latest model)- 500 gb jet black console ps4 sony ps3 gaming plays… URL,6.0
URL gaming sony ps3 500 gb ps vita 32 gb and games URL,6.0
URL gaming sony playstation 4 2 controllers 8 games bundle!!! URL,6.0
URL wash buckler* skylanders figure (xbox/ps3/ps4/wii/wiiu/3ds/pc/mac/ios) ps4 sony ps3 ga… URL,6.0
URL sony playstation 4 500gb + 8 top games ps4 sony ps3 gaming playstation christmas fo… URL,6.0
URL gaming sony playstation 4 20th anniversary edition 500 gb gray console brand new sealed,6.0
URL bloodborne playstation4 game ps4 ps4 sony ps3 gaming playstation christmas follow URL,6.0
URL shroom boom* skylanders figure (wii/wiiu/3ds/ps3/ps4/xbox/pc/mac/ios) ps4 sony ps3 gam… URL,6.0
URL rugby 15 - ps4 - playstation 4 - brand new and sealed ps4 sony ps3 gaming playstatio… URL,6.0
URL sony playstation 4 ps4 glacier white 500gb destiny bundle model cuh-1115a,6.0
URL dragon age: inquisition for playstation 4 ps4 - uk preowned - fast dispatch ps4 sony ps… URL,6.0
URL bouncer* skylanders figure (wii/wiiu/3ds/ps3/ps4/xbox/pc/mac/ios) ps4 sony ps3 gaming … URL,6.0
URL hot head* skylanders figure (wii/wiiu/3ds/ps3/ps4/xbox/pc/mac/ios) ps4 sony ps3 gaming… URL,6.0
URL swarm* skylanders figure (wii/wiiu/3ds/ps3/ps4/xbox/pc/mac/ios) ps4 sony ps3 gaming p… URL,6.0
URL gaming sony playstation 4 ps4 glacier white 500gb destiny bundle model cuh-1115a URL,6.0
URL ps4 game ps4 sony ps3 gaming playstation christmas follow URL,6.0
"URL don bradman cricket (sony playstation 4, 2015) ps4 sony ps3 gaming playstation chris… URL",6.0
URL evolve on ps4 ps4 sony ps3 gaming playstation christmas follow URL,6.0
URL the crew for ps4 ps4 sony ps3 gaming playstation christmas follow URL,6.0
URL sony playstation 4 console (glacier white 500gb) ps4 sony ps3 gaming playstation chr… URL,6.0
URL terrafin* series2 skylanders figure (wii/wiiu/3ds/ps3/ps4/xbox/pc/mac/ios) ps4 sony ps3… URL,6.0
URL sony playstation 4 - 500 gb jet black console ps4 sony ps3 gaming playstation christ… URL,6.0
URL middle earth shadow of mordor for ps4 ps4 sony ps3 gaming playstation christmas follow URL,6.0
URL the last of us ps4 ps4 sony ps3 gaming playstation christmas follow URL,6.0
URL driveclub ps4 ps4 sony ps3 gaming playstation christmas follow URL,6.0
URL para que descargues apps para tu dispositivo ios de AT_USER,6.0
URL blast zone* skylanders swappable figure (wii/wiiu/3ds/ps3/ps4/xbox/pc/mac/ios) ps4 sony … URL,6.0
URL sony playstation 4 destiny edition glacier white 500gb 4 games 2 controllers URL,6.0
URL skater park - first test shoot on the sony pxw-fs7 URL pxw-fs skater sony,6.0
URL playstation 4 console ps4 brand new sealed official ps4 sony ps3 gaming playstation … URL,6.0
URL shadow of mordor ps4 ps4 sony ps3 gaming playstation christmas follow URL,6.0
URL middle-earth: shadow of mordor (sony playstation 4,6.0
URL sonic boom* series2 skylanders figure (wii/wiiu/3ds/ps3/ps4/xbox/pc/mac/ios) ps4 sony p… URL,6.0
URL need for speed: rivals for playstation 4 pal ps4 sony ps3 gaming playstation christ… URL,6.0
URL jet vac-lightcore* skylanders figure (wii/wiiu/3ds/ps3/ps4/xbox/pc/mac/ios) ps4 sony ps… URL,6.0
URL sony playstation ps vita white assassin's creed bundle + 17 games + extras,6.0
URL the order 1886 ps4 ps4 sony ps3 gaming playstation christmas follow URL,6.0
URL the crew (sony playstation 4,6.0
URL gaming sony playstation 4 destiny edition glacier white 500gb 4 games 2 controllers URL,6.0
URL pop fizz* skylanders figure (wii/wiiu/3ds/ps3/ps4/xbox/pc/mac/ios) ps4 sony ps3 gaming… URL,6.0
URL playstation 4 console ps4 brand new sealed official ps4 sony ps3 gaming playstation … URL,6.0
URL sony playstation 4 (latest model)- 500 gb jet black console ps4 sony ps3 gaming plays… URL,6.0
URL evolve ps4 game *1 day auction* ps4 sony ps3 gaming playstation christmas follow URL,6.0
URL trigger happy* series2 skylanders figure (wii/wiiu/3ds/ps3/ps4/xbox/pc/mac/ios) ps4 sony… URL,6.0
"URL battlefield hard line (sony playstation 4, 2015) ps4 sony ps3 gaming playstation chr… URL",6.0
URL : sony dsc-rx100m iii cyber-shot digital still camera URL photo deals,6.0
"URL call of duty: advanced warfare (sony playstation 4, 2014) ps4 sony ps3 gaming playsta… URL",6.0
"URL ps4 500gb, very good condition, 4 top games. fifa 15, cod:aw, nhl 15 ps4 sony ps3 gam… URL",6.0
URL resident evil 2 revelations ps4 sony ps3 gaming playstation christmas follow URL,6.0
"URL grand theft auto v (sony playstation 4, 2014) ps4 sony ps3 gaming playstation christ… URL",6.0
URL sony playstation 4 console 500 gb with 3 games ps4 sony ps3 gaming playstation chris… URL,6.0
URL sony playstation 4 2 controllers 8 games bundle!!! URL,6.0
URL sony ps3 500 gb ps vita 32 gb and games,6.0
URL sony playstation 4 ps4 glacier white 500gb destiny bundle model cuh-1115a,6.0
URL dragon age: inquisition for playstation 4 ps4 - uk preowned - fast dispatch ps4 sony ps… URL,6.0
URL bouncer* skylanders figure (wii/wiiu/3ds/ps3/ps4/xbox/pc/mac/ios) ps4 sony ps3 gaming … URL,6.0
URL hot head* skylanders figure (wii/wiiu/3ds/ps3/ps4/xbox/pc/mac/ios) ps4 sony ps3 gaming… URL,6.0
URL swarm* skylanders figure (wii/wiiu/3ds/ps3/ps4/xbox/pc/mac/ios) ps4 sony ps3 gaming p… URL,6.0
URL gaming sony playstation 4 ps4 glacier white 500gb destiny bundle model cuh-1115a URL,6.0
URL ps4 game ps4 sony ps3 gaming playstation christmas follow URL,6.0
"URL don bradman cricket (sony playstation 4, 2015) ps4 sony ps3 gaming playstation chris… URL",6.0
URL evolve on ps4 ps4 sony ps3 gaming playstation christmas follow URL,6.0
URL the crew for ps4 ps4 sony ps3 gaming playstation christmas follow URL,6.0
URL sony playstation 4 console (glacier white 500gb) ps4 sony ps3 gaming playstation chr… URL,6.0
URL terrafin* series2 skylanders figure (wii/wiiu/3ds/ps3/ps4/xbox/pc/mac/ios) ps4 sony ps3… URL,6.0
URL sony playstation 4 - 500 gb jet black console ps4 sony ps3 gaming playstation christ… URL,6.0
URL middle earth shadow of mordor for ps4 ps4 sony ps3 gaming playstation christmas follow URL,6.0
URL the last of us ps4 ps4 sony ps3 gaming playstation christmas follow URL,6.0
URL driveclub ps4 ps4 sony ps3 gaming playstation christmas follow URL,6.0
URL para que descargues apps para tu dispositivo ios de AT_USER,6.0
URL blast zone* skylanders swappable figure (wii/wiiu/3ds/ps3/ps4/xbox/pc/mac/ios) ps4 sony … URL,6.0
URL sony playstation 4 destiny edition glacier white 500gb 4 games 2 controllers URL,6.0
URL skater park - first test shoot on the sony pxw-fs7 URL pxw-fs skater sony,6.0
URL playstation 4 console ps4 brand new sealed official ps4 sony ps3 gaming playstation … URL,6.0
URL shadow of mordor ps4 ps4 sony ps3 gaming playstation christmas follow URL,6.0
URL middle-earth: shadow of mordor (sony playstation 4,6.0
URL sonic boom* series2 skylanders figure (wii/wiiu/3ds/ps3/ps4/xbox/pc/mac/ios) ps4 sony p… URL,6.0
URL need for speed: rivals for playstation 4 pal ps4 sony ps3 gaming playstation christ… URL,6.0
URL jet vac-lightcore* skylanders figure (wii/wiiu/3ds/ps3/ps4/xbox/pc/mac/ios) ps4 sony ps… URL,6.0
URL sony playstation ps vita white assassin's creed bundle + 17 games + extras,6.0
URL the order 1886 ps4 ps4 sony ps3 gaming playstation christmas follow URL,6.0
URL the crew (sony playstation 4,6.0
URL gaming sony playstation 4 destiny edition glacier white 500gb 4 games 2 controllers URL,6.0
URL pop fizz* skylanders figure (wii/wiiu/3ds/ps3/ps4/xbox/pc/mac/ios) ps4 sony ps3 gaming… URL,6.0
URL playstation 4 console ps4 brand new sealed official ps4 sony ps3 gaming playstation … URL,6.0
URL sony playstation 4 (latest model)- 500 gb jet black console ps4 sony ps3 gaming plays… URL,6.0
URL evolve ps4 game *1 day auction* ps4 sony ps3 gaming playstation christmas follow URL,6.0
URL trigger happy* series2 skylanders figure (wii/wiiu/3ds/ps3/ps4/xbox/pc/mac/ios) ps4 sony… URL,6.0
"URL battlefield hard line (sony playstation 4, 2015) ps4 sony ps3 gaming playstation chr… URL",6.0
URL : sony dsc-rx100m iii cyber-shot digital still camera URL photo deals,6.0
"URL call of duty: advanced warfare (sony playstation 4, 2014) ps4 sony ps3 gaming playsta… URL",6.0
"URL ps4 500gb, very good condition, 4 top games. fifa 15, cod:aw, nhl 15 ps4 sony ps3 gam… URL",6.0
URL resident evil 2 revelations ps4 sony ps3 gaming playstation christmas follow URL,6.0
"URL grand theft auto v (sony playstation 4, 2014) ps4 sony ps3 gaming playstation christ… URL",6.0
URL sony playstation 4 console 500 gb with 3 games ps4 sony ps3 gaming playstation chris… URL,6.0
URL sony playstation 4 2 controllers 8 games bundle!!! URL,6.0
URL sony ps3 500 gb ps vita 32 gb and games,6.0
URL gaming sony playstation 4 ps4 glacier white 500gb destiny bundle model cuh-1115a,6.0
URL dragon age inquisition for sony playstation 4 (ps4) ps4 sony ps3 gaming playstation … URL,6.0
URL sony playstation 4 ps4 500 gb jet black console faulty ps4 sony ps3 gaming playstat… URL,6.0
URL middle-earth shadow of mordor ps4 ps4 sony ps3 gaming playstation christmas follow URL,6.0
URL ** destiny for ps4. brand new and sealed ** ps4 sony ps3 gaming playstation christma… URL,6.0
URL playstation 4 destiny (ps4) videogames ps4 sony ps3 gaming playstation christmas f… URL,6.0
URL sale sony ps3 playstation 3 super slim 500gb console **in original box URL,6.0
URL sony ps3 playstation 3 super slim 500gb console **in original box,6.0
URL sony pictures... URL amazing ecospidey entertainment pictures spider-man sustainability,6.0
URL lightning rod series2 skylanders figure (wii/wiiu/3ds/ps3/ps4/xbox/pc/mac/ios) ps4 sony … URL,6.0
URL dragon age inquisition (ps4) ps4 sony ps3 gaming playstation christmas follow URL,6.0
i can't find my list of rsts/e bugs. it must be scary as hell. sony execs knowing that countless people are careful.,6.0
interesante por decirlo menos sabes que la cámara del iphone4s le pertenece a sony ... mmm ojalá ande bien y no sea mala jugada de AT_USER,6.0
is no management right for your business? URL holocracy insider tech startups apple news kot,6.0
is no management right for your business? URL holocracy insider tech startups apple news kot,6.0
israel:topsongs:titanium (feat. sia) - david guetta itunes israel URL apple iphone followme music,6.0
japan collections 37. developing apps for ios (hd) - paul hegarty URL itunesu itunes iphone apple mac,6.0
japan paid 1. freeman - galaworks studio URL mac itunes apps apple,6.0
japan paid 12. infographics - jumsoft URL mac itunes apps apple,6.0
japan paid 13. bettersnaptool - andreas hegenberg URL mac itunes apps apple,6.0
japan paid 16. daisydisk - software ambience corp. URL mac itunes apps apple,6.0
japan paid 17. airmail 2.0 - bloop s.r.l. URL mac itunes apps apple,6.0
japan paid 2. disk diag - rocky sand studio ltd. URL mac itunes apps apple,6.0
japan paid 20. bitperfect - bitperfect sound inc. URL mac itunes apps apple,6.0
japan paid 23. royal envoy premium - playrix URL mac itunes apps apple,6.0
japan paid 24. popclip - pilotmoon software URL mac itunes apps apple,6.0
japan paid 27. shuttercount - dire studio URL mac itunes apps apple,6.0
japan paid 28. apple remote desktop - apple URL mac itunes apps apple,6.0
japan paid 4. logic pro x - apple URL mac itunes apps apple,6.0
japan paid 5. final cut pro - apple URL mac itunes apps apple,6.0
japan paid 6. garageband - apple URL mac itunes apps apple,6.0
japan paid 62. tree 2 - top of tree URL mac itunes apps apple,6.0
japan paid 63. mainstage 3 - apple URL mac itunes apps apple,6.0
latest video shows how close spacex got to landing falcon 9 URL elonmusk nasa tech startups apple news kot,6.0
lawmakers asked clinton about private emails in 2012 URL politicsnews tech startups apple news kot,6.0
learn how to consume proper vitamins with new free ios app vitaminimum! iphone ipad appstore healthy apple URL,4.0
learn how to consume proper vitamins with new free ios app vitaminimum! iphone ipad appstore healthy apple URL,4.0
learn how to consume proper vitamins with new free ios app vitaminimum! iphone ipad appstore healthy apple URL,4.0
learn how to consume proper vitamins with new free ios app vitaminimum! iphone ipad appstore healthy apple URL,4.0
learn how to consume proper vitamins with new free ios app vitaminimum! iphone ipad appstore healthy apple URL,4.0
lg electronics g watch r - smart watch - URL wearabletech sony amazon,6.0
lg electronics g watch r - smart watch - URL wearabletech sony amazon,6.0
licentie vraag over vmware citrix microsoft trendmicro symantec quest oracle mcafee desktopvirtualisatie appsense ea AT_USER,6.0
like in the sea . vscocam likesea water sony xperia URL,6.0
"los fabricantes de móviles y su integración con las redes sociales: sony ericson apunta a facebook, apple a twitter y samsung a google+",6.0
"los psicólogos se están quedando sin pacientes, el twitter se los está robando..",6.0
