oomf dnt start dis sh*t on twitter,2.0
"recruiting tip: ask yourself: why am i not building my personal brand on linkedin, twitter, and facebook?",2.0
"retail friends, follow AT_USER on twitter. a great resource and the official account for AT_USER customerservice & support!",2.0
retweet rt babymamadrama babydaddydrama twitter s/o to everyone who read my blog URL,2.0
teamfollowback tfb mustfollow mf follownow fn followfriday ff ifb twitter follow AT_USER AT_USER AT_USER AT_USER,6.0
troyhopson needs a twitter. swear,2.0
tweetdeck working but not twitter for android,2.0
twitter followers free: URL,2.0
"twitter melbourne business ""twitter 4 business"" november 16 URL AT_USER AT_USER",2.0
twitter nyerrr,2.0
twitter off,2.0
twitter off,2.0
ireallyhatewhenpeople typ3 l!k3 th!s or use hashtags in every word on twitter,2.0
justbecause you got a few followers on twitter don't make you a celebrity,2.0
lovatics! wanna be in a fan book for AT_USER let me know and ill send wat needs2b in it via twitter,2.0
damn girl i'll follow u to the end of the road twitter,2.0
damn tired! .. need some rest! night twitter,2.0
"dear twitter, now that we all know i'm awesome could you write me a new ""all about me"" for my profile because really you do know me best.",2.0
did a couple of changes..twitter,2.0
do real thugs have twitter? confusedbymytimeline,2.0
do you share more jokes quotes music photos or news articles on facebook or twitter?,2.0
don’t seek followers unless you’re ready to treat them like the real people they are URL twitter rt AT_USER,2.0
empire avenue. the social stock market. what is your online activity worth? URL twitter facebook google+ socialmedia,2.0
enjoy twitter buzz builds for the occupy_wall_street movement [charts] URL great,2.0
"even if i skip the newspaper, i don't worry coz i get all news updates at twitter. :)",2.0
facebook and twitter off,2.0
facebook is becoming trashier and trashier twitter,2.0
"facebook oof , twitter of... night night every1!",2.0
finally off to bed..nighty night twitter world!,2.0
follow me on twitter AT_USER teamfollow &lt,2.0
follow your interests twitter,2.0
follow your interests. twitter,2.0
from my blog: #changingdiapers party summary & winners list URL twitter upcomingparty,2.0
"funny how social networks prod you to be always on ya keypad, twitter-what's happening, fb-what's on your mind?",2.0
facebook power users 'have gone to google+ and twitter' - telegraph URL who are they? socialmedia,2.0
como esta la gent ermosa del twitter n.n,6.0
chavez to return to venezuela after medical tests - boston globe twitter news,6.0
check this out! URL promomyshop qpq twitter iphone microsoft windows music photo flora art,6.0
Настоящий твиттерянин как только попадает в толпу стремиться тут же как можно быстрее попасть в twitter,2.0
"de esa gente q acaba de leer el libro, vió una definición médica y la pone en twitter _ wevatotal",6.0
de novo mais uma vez eu akie de madrugada falando sozinho no twitter =s,6.0
de verdd qe si me he sentidoo rara estar un dia sin mucho twitter :b,6.0
de volta no twitter.... boa noite pessoas,6.0
deberia de ponerme a leer un libro en lugar de estar perdiendo el tiempo en fb y twitter :(,6.0
definitivamente irei matar esse twitter pq tento trocar a porr# da minha foto de smp da eeeeeerrro *-* eeeerro tomanocú,6.0
deiixando o twitter boa noite a todos qual quer coisa só chamarem no facebook! URL fui,6.0
demasiado twitter por hoy nos vemos twitteroff,6.0
dicen q estoy viciada con twitter... pero mmm... no!,6.0
dime porque demonios existes twitter ?! oh si! para causarle insomnio a cualquera que pase no?,6.0
disculpame twitter te e tenido algo avandonado este dia,6.0
e o meu primo AT_USER que nunca mais apareceu pelo twitter? saudade de você primãao ♥,6.0
ehhhh-.- yoo diiqooo lo que quiierooo xk es miii twitter :(,6.0
"de esa gente q acaba de leer el libro, vió una definición médica y la pone en twitter _ wevatotal",6.0
de novo mais uma vez eu akie de madrugada falando sozinho no twitter =s,6.0
de verdd qe si me he sentidoo rara estar un dia sin mucho twitter :b,6.0
de volta no twitter.... boa noite pessoas,6.0
deberia de ponerme a leer un libro en lugar de estar perdiendo el tiempo en fb y twitter :(,6.0
definitivamente irei matar esse twitter pq tento trocar a porr# da minha foto de smp da eeeeeerrro *-* eeeerro tomanocú,6.0
deiixando o twitter boa noite a todos qual quer coisa só chamarem no facebook! URL fui,6.0
demasiado twitter por hoy nos vemos twitteroff,6.0
dicen q estoy viciada con twitter... pero mmm... no!,6.0
dime porque demonios existes twitter ?! oh si! para causarle insomnio a cualquera que pase no?,6.0
disculpame twitter te e tenido algo avandonado este dia,6.0
e o meu primo AT_USER que nunca mais apareceu pelo twitter? saudade de você primãao ♥,6.0
"de esa gente q acaba de leer el libro, vió una definición médica y la pone en twitter _ wevatotal",6.0
de novo mais uma vez eu akie de madrugada falando sozinho no twitter =s,6.0
"excelente mi ranking global en twitter estoy entre 4,551 de 18,299,114 :o gracias a ustedes y a sus rt y en venezuela estoy de 250 yes sr",6.0
foto nova aqui no twitter. essa ficou melhor.... rs adoro esse blazer. preciso comprar um... ctx arrazando nas roupas que eu visto no pgm,6.0
fun in sun AT_USER this summer twitter,6.0
ganun? di ba kasama ang wit? lol rt AT_USER your twitter followers either like you for your sense of humor or sex appeal.,6.0
god morgon sverige och twitter !,6.0
good afternoon twitter... ---unkaboggable talaga si # vice ganda sa kanyang # no other horse with AT_USER and chocoleit... :),6.0
google+ to support pseudonyms URL google+ googlesocialmedia googleventures facebook twitter socialmediamarketing,2.0
graacias :d rt AT_USER AT_USER buena pic de perfil de twitter!!,6.0
fun in sun AT_USER this summer twitter,6.0
ganun? di ba kasama ang wit? lol rt AT_USER your twitter followers either like you for your sense of humor or sex appeal.,6.0
god morgon sverige och twitter !,6.0
good afternoon twitter... ---unkaboggable talaga si # vice ganda sa kanyang # no other horse with AT_USER and chocoleit... :),6.0
google+ to support pseudonyms URL google+ googlesocialmedia googleventures facebook twitter socialmediamarketing,2.0
graacias :d rt AT_USER AT_USER buena pic de perfil de twitter!!,6.0
"gracias a ti hoy puedo ser feliz ,i cuando llegaste aprendi a vivir .gracias twitter",6.0
haber facebook por que no entretienes a tu gente para que ya no se nos vaya twitter tanta plebe ¬¬,6.0
"hace cuanto que no me conecto al msn, ya no le doy tanta bola al facebook, y todo por tu culpa twitter",6.0
"hace unos días tenía 711 mensajes de e-mail, lo que más quiero es leerlos todos, acabo de ver y tengo 736 y lo peor facebook & twitter= 0",6.0
hahaha los zombies qe usan twitter cmo chat sn zombienpndejs...hahahahhaha,6.0
"hahaha, éee ne pelo twitter, até garotanachuva canta beeem, kkk,! voo grava uma shamada de vooz pra voce ouvir! tenho mt sucesso ! kkk",6.0
hahahhaha´ no puedo usar el twitter por laa compuu,6.0
hasta el queque de tarea pero heme aqui en twitter y fb jijijiji ya falta menos para terminar thanksgod,6.0
hasta el puto twitter me esta cagando ¬¬,6.0
hasta mañana twitter,6.0
hasta mañana mi gente linda de twitter y facebook sweet dream &lt;3,6.0
hasta mañana que descansen twitter off !!,6.0
hay dias que tengo tanto q pensar y digo lo voy a poner en twitter pero no tengo tiempo !,6.0
"URL twitter, faster than earthquakes تويتر أسرع من الزلزال! funny fast tweet earthquick lol",6.0
"i just installed the new twidroyd for twitter on my android phone - it's free, give it a try. URL",2.0
"ja volto twitter , vou na cozinha .",6.0
jajajaja mi mama se metio en mi twitter y en mi facebook y escribio jajajaj te amo mami sos la mejor!!,6.0
jajajajaja la AT_USER contandome un secretoo ii x el twitter jajajaja,6.0
"jajajajaja ptm!! gigo, si tuvieras twitter llegaría a poner todas las idioteces que dices jajajajaja epicwin!",6.0
lite para que sirve despues de todo si tengo a twitter,6.0
llega un momento que twitter es tu desahogo,6.0
lo mejor de twitter es que no tenes que esperar un monton a que carge tu foto:d♥,6.0
lo mejor del twitter es que ahora ya puedes darle el pesame a tus artistas desde tu celularrrrrrr!! sarcasmo,6.0
lo primero que pongo cuando abro el navegar es twitter luego facebook y de ultimo hotmail! jajaja!,6.0
los 10 nuevos mandamientos de twitter URL AT_USER,6.0
los dias que entre a twitter pondre siempre tweets! para el ser que mas amo ! es que es lo mas bonito de mi vida y tierno teamomamita!,6.0
"los fabricantes de móviles y su integración con las redes sociales: sony ericson apunta a facebook, apple a twitter y samsung a google+",6.0
"los psicólogos se están quedando sin pacientes, el twitter se los está robando..",6.0
