0,1793775967,Thu May 14 03:57:10 PDT 2009,NO_QUERY,A_11,Done shopping for paints and equipments and stuffs. Wore matching color jacket with staffs at Bunnings but still didn't get any discount. ,,
0,1793776263,Thu May 14 03:57:14 PDT 2009,NO_QUERY,ffi88,is gutted that she only has 3 days left with her baby b4 he goes to the army ,,
0,1793776359,Thu May 14 03:57:15 PDT 2009,NO_QUERY,massiecabot,Ohnoes! Danny Gokey will be saying goodbye to American Idol.  Sht. I wish Adam left instead. Go Kris Allen!!,,
0,1793776522,Thu May 14 03:57:17 PDT 2009,NO_QUERY,stephleooo,SO MANY TESTS NEXT WEEK. And i'm not studying now.....twitter is the cause of my failures ,,
0,1793776537,Thu May 14 03:57:18 PDT 2009,NO_QUERY,kristlerose,Eating an apple right after brushing your teeth is nasty ,,
0,1793776670,Thu May 14 03:57:19 PDT 2009,NO_QUERY,dancingwithself,ahhh my right ear is blocked and i can't hear properly ,,
0,1793777248,Thu May 14 03:57:27 PDT 2009,NO_QUERY,CourtneyCormier,feeling sick to my stomach all day...thats what i get for eating like a fat person yesterday ,,
0,1793777587,Thu May 14 03:57:31 PDT 2009,NO_QUERY,laurentiaa,@amykishek oh  what are your plans for the weekend?!,,
0,1793777672,Thu May 14 03:57:33 PDT 2009,NO_QUERY,xXSam_01Xx,"@rustyrockets Now, Mr Brand, Love Boat, are you actually there scratching yourself or something, or have you left us already?  xxx",,
0,1793778100,Thu May 14 03:57:38 PDT 2009,NO_QUERY,ashley_brown,@technicalfault Yep. No 0530 on Sunday ,,
0,1793787930,Thu May 14 03:59:41 PDT 2009,NO_QUERY,timmaughan,@krishgm bah. you're no fun ,,
0,1793788192,Thu May 14 03:59:44 PDT 2009,NO_QUERY,dispy,have heart whaaaaat? ,,
0,1793788238,Thu May 14 03:59:45 PDT 2009,NO_QUERY,neonbug,@nitrojane  I hope she's ok,,
0,1793788562,Thu May 14 03:59:49 PDT 2009,NO_QUERY,Kayla_Victoria,HELP! can someone please explain to me how i can have my own background? it won't let me upload my own pics  ! X,,
0,1793788668,Thu May 14 03:59:50 PDT 2009,NO_QUERY,afinzel,@andyliddle your boxee spams me ,,
0,1793788685,Thu May 14 03:59:51 PDT 2009,NO_QUERY,MegsEggs,HAHAHA I have just remembered a plot line in one of my old fics. wish I still had it! ,,
0,1793788731,Thu May 14 03:59:51 PDT 2009,NO_QUERY,pjcaranzo,"Watched AI. Gokey left.  I was hoping for a Kris-Danny finale, I just don't like Adam. Peace!",,
0,1793788812,Thu May 14 03:59:52 PDT 2009,NO_QUERY,davidkimler,Memphis in May BBQ festival today! Pigs love MUD!! ,,
0,1793788830,Thu May 14 03:59:52 PDT 2009,NO_QUERY,zomgchocos,danny gokey was my bet ,,
0,1793788843,Thu May 14 03:59:53 PDT 2009,NO_QUERY,maimahalay,aaaawwwwwwwww.....Danny is out  but i like him! --american idol.,,
0,1793789520,Thu May 14 04:00:01 PDT 2009,NO_QUERY,janderz237,Omg! I can't believe hilarie burton n chad murray are leaving one tree hill!  ,,
0,1793790543,Thu May 14 04:00:08 PDT 2009,NO_QUERY,zandraisabelle,@L_du_Coudray you just want my cake  ,,
0,1793790738,Thu May 14 04:00:10 PDT 2009,NO_QUERY,Sarah2188,@nicola171281 i was up all night with a stomach bug i think!  how are you?xx,,
0,1793790988,Thu May 14 04:00:12 PDT 2009,NO_QUERY,eerx,is very tired 2 exams down 18 to go ,,
0,1793791037,Thu May 14 04:00:12 PDT 2009,NO_QUERY,Melissa808,"@NctrnlBst daaang I have to work.   Double dang, the assignment is in Wahiawa!",,
0,1793791094,Thu May 14 04:00:12 PDT 2009,NO_QUERY,annmcd,Purchased apps on my iPhone aren't working ,,
0,1793791238,Thu May 14 04:00:14 PDT 2009,NO_QUERY,PC_Gamer,@imperialcreed ,,
0,1793791268,Thu May 14 04:00:14 PDT 2009,NO_QUERY,Joelshadows,long 3 hour brake ,,
0,1793791379,Thu May 14 04:00:15 PDT 2009,NO_QUERY,miserylied,#WhyITweet - I have an addiction to it. I need twitter rehab. ,,
0,1793791458,Thu May 14 04:00:16 PDT 2009,NO_QUERY,pearlbones,i want to revise but i want to tidy also. what is wrong with me! ,,
0,1793791777,Thu May 14 04:00:19 PDT 2009,NO_QUERY,sewingoesgemini,Humm get my hair done and it rains  wwwwwhhhhhyyy,,
0,1793791916,Thu May 14 04:00:20 PDT 2009,NO_QUERY,DD20,Recovering from tonsilectomy Day # 2 ,,
0,1793791980,Thu May 14 04:00:21 PDT 2009,NO_QUERY,tomo359,@Beccalou37 Aww sorry to hear you have lost your job  Hope you find something new soon. I know how hard it is at the min. Enjoy your skate,,
0,1793792614,Thu May 14 04:00:28 PDT 2009,NO_QUERY,koltregaskes,"I've just had 2 crashes (one blue screen) with Windows 7. One looked like gfx driver issue, the other was while watching a DVD with VLC! ",,
0,1793793537,Thu May 14 04:00:38 PDT 2009,NO_QUERY,FTSKatelynnn,"@thomasdurden yeah we do. Wish I couldve made it to the show, we had a band concert ",,
0,1793793542,Thu May 14 04:00:38 PDT 2009,NO_QUERY,VivaLaAden,@AndrewBravener  I'm sure they miss you too.,,
0,1793793544,Thu May 14 04:00:38 PDT 2009,NO_QUERY,vicky2323,wat a horrible day it is today  irish summer this is it,,
0,1793793880,Thu May 14 04:00:41 PDT 2009,NO_QUERY,callumshearer,"Yeahhh done an essay past paper lol an hour and a half of writting, sore hand ",,
0,1793794722,Thu May 14 04:00:51 PDT 2009,NO_QUERY,lauralou991,@dannymcfly  was it ANNOTHER crazy night out  you see i never seem to find my invites to these  lol,,
0,1793796058,Thu May 14 04:01:08 PDT 2009,NO_QUERY,Traveler216,should I go to Orlando and face the music of one of my fave accts closing?  It will be so sad.   I HATE THIS RECESSION!!!,,
0,1793796182,Thu May 14 04:01:10 PDT 2009,NO_QUERY,HijadeClouseau,@carthesian  �nimo ...,,
0,1793796248,Thu May 14 04:01:11 PDT 2009,NO_QUERY,ohsowhatever,Ich liebe Kunst aber I get crap marks for it  Rahh! I hate theory! ,,
0,1793796441,Thu May 14 04:01:12 PDT 2009,NO_QUERY,ziboney,I left my room and my learning event is done!!so now I have to say bye to Oslo  ,,
0,1793796775,Thu May 14 04:01:15 PDT 2009,NO_QUERY,Kiwi2688,"another day, another subject to revise ",,
0,1793797054,Thu May 14 04:01:19 PDT 2009,NO_QUERY,amykathleen,"I have counted sheep, I have listened to slow music, I have tried to close my eyes in the dark silence... still sleep won't come to me ",,
0,1793797142,Thu May 14 04:01:20 PDT 2009,NO_QUERY,BrookeAmanda,No! Kris is out of the trending topics  haha,,
0,1793797260,Thu May 14 04:01:21 PDT 2009,NO_QUERY,Fear_Loathin,Bummed out as I am not going to Splendor in the grass ,,
0,1793797618,Thu May 14 04:01:26 PDT 2009,NO_QUERY,angel81244,is havin the worst day ever. Someone please take me away from everything ,,
0,1793797714,Thu May 14 04:01:26 PDT 2009,NO_QUERY,likeamovie,@GabeHumble aw i think it isn't something to be too concerned about  i think he's just having bad luck with the police lmao,,
0,1793797979,Thu May 14 04:01:29 PDT 2009,NO_QUERY,ali_kaye,Omgosh my throat is soo sore. I hope I feel better by tomorrow. ,,
0,1793798167,Thu May 14 04:01:32 PDT 2009,NO_QUERY,adotm,Wanna stay here n stop doing the bathrooms ,,
0,1793799096,Thu May 14 04:01:43 PDT 2009,NO_QUERY,missPURPLEdiva,I wish I didn't work overnight. Y'all mutha fukkas makin groove candy sound like it's poppin! ,,
0,1793799190,Thu May 14 04:01:44 PDT 2009,NO_QUERY,sherylzhang,&amp, Danny's ending performance was just so beautiful. Btw I stayed up yesterday &amp, I forgot to bring my thumbdrive. I'm the 'smartest' ever. 
0,1793799799,Thu May 14 04:01:51 PDT 2009,NO_QUERY,iamdriza,never lose yourself in the game of love ,,
0,1793800035,Thu May 14 04:01:54 PDT 2009,NO_QUERY,EmmaK89,Trying to write an article on a topic you dont understand is trickyy ,,
0,1793800584,Thu May 14 04:02:00 PDT 2009,NO_QUERY,eranw,Negative savings ,,
0,1793800693,Thu May 14 04:02:02 PDT 2009,NO_QUERY,TRINOTRON,better clean that piss up. ,,
0,1793800727,Thu May 14 04:02:02 PDT 2009,NO_QUERY,DangerDaveR,Just saw the last episode in this season of Lost. Incredible... Cant believe the next season is in January  ,,
0,1793801177,Thu May 14 04:02:07 PDT 2009,NO_QUERY,mattjones_09,is gonna have a sad day... last full day of high school... ,,
0,1793801469,Thu May 14 04:02:10 PDT 2009,NO_QUERY,robschmob,@IcarusWingz i enjoy a dabble in the world of rival schools every now and then. they werent that good at leeds a few years ago though ,,
0,1793801572,Thu May 14 04:02:11 PDT 2009,NO_QUERY,Lola303,its raining ,,
0,1793801712,Thu May 14 04:02:13 PDT 2009,NO_QUERY,OneDayFuzz,ugh ugh ugh. school then home then out for gmas birthday dinner. UGH PLEASE KILL ME... oh and im still sick ,,
0,1793801779,Thu May 14 04:02:13 PDT 2009,NO_QUERY,mashedbananas,"Finishing &quot;The Man Who Mistook His Wife For a Hat&quot; and hoping the sun comes out today. After all, it is May, not October! ",,
0,1793801968,Thu May 14 04:02:16 PDT 2009,NO_QUERY,dude_Im_stoked,I think im dyin. But i don't wanna go to the doctor. Moms gonna make me ,,
0,1793802035,Thu May 14 04:02:17 PDT 2009,NO_QUERY,__xEW,"Heading to cafe to meet freak face.. Done 2 hours straight revision this morning.,,, aah tmro.. ",,
0,1793802319,Thu May 14 04:02:20 PDT 2009,NO_QUERY,SoDwn2Mars,@Palmetto_Star thanks but I def don't feel that way  my skin used to be sooo nice I don't know what happened,,
0,1793802548,Thu May 14 04:02:23 PDT 2009,NO_QUERY,piritos,i dont want to come to school tomorrow ,,
0,1793802586,Thu May 14 04:02:24 PDT 2009,NO_QUERY,kimt228,sick of blody fire alarms!! ,,
0,1793802645,Thu May 14 04:02:24 PDT 2009,NO_QUERY,mhaitriambulo,is terribly wanting to avail the Enchanted Kingdom promo...  http://plurk.com/p/tqrgs,,
0,1793802725,Thu May 14 04:02:25 PDT 2009,NO_QUERY,ecirez,@ddsy it would be more fun to send tweets through our phones ! ,,
0,1793802834,Thu May 14 04:02:26 PDT 2009,NO_QUERY,MarinaMartin,@TimNeill It won't let me download from a Mac  Thankfully I had a secret stash of college-ruled paper in a drawer.,,
0,1793803281,Thu May 14 04:02:32 PDT 2009,NO_QUERY,NatElev,"@Dannymcfly Stop complaining  At least you don't have to go to school at 6am.... The new dvd is AWESOME, btw. The best so far. Congrats!",,
0,1793803394,Thu May 14 04:02:33 PDT 2009,NO_QUERY,wowlew,isPlayer Has Died! Sorry ,,
0,1793803715,Thu May 14 04:02:37 PDT 2009,NO_QUERY,guss3tt,@onlinecaroline hoorah! i hate exam period. nobody ever comes out to play   xx,,
0,1793803729,Thu May 14 04:02:37 PDT 2009,NO_QUERY,Miki419,@Lauren_Bunnick aww no dont freak out breath!!!what time is ur comp?i miss u like crazy too ,,
0,1793803836,Thu May 14 04:02:38 PDT 2009,NO_QUERY,poisonstar,Can't sleep he has a fever &amp, is throwing up. My poor baby ,
0,1793803967,Thu May 14 04:02:40 PDT 2009,NO_QUERY,fashaz,@mrteethugger nk itot...nk itot...nk itot... tp xley la ,,
0,1793817433,Thu May 14 04:05:21 PDT 2009,NO_QUERY,JCDichant,"@Turone aarggh, comprends pas ",,
0,1793817474,Thu May 14 04:05:21 PDT 2009,NO_QUERY,Greyknee,@Schofe lets hope it doesent go during pudding time....that be too sad...... ,,
0,1793817521,Thu May 14 04:05:22 PDT 2009,NO_QUERY,nicolemariexoxo,so disappointed about lost last night.....poor juliet  (and jacob whoever you were...),,
0,1793817636,Thu May 14 04:05:23 PDT 2009,NO_QUERY,daiq,Sooooo tired  Lie on tomorrow morning tho  but then a meeting in Bristol in the afternoon =(,,
0,1793817822,Thu May 14 04:05:25 PDT 2009,NO_QUERY,mnwalton,@F1_Steve A Lost fan? I can't wait! In general it hasn't been the best series... ,,
0,1793817985,Thu May 14 04:05:27 PDT 2009,NO_QUERY,redliz,"I know exactly how it feels too, my cat was 18 when she was put to sleep,she had cancer,knew it was a kindness,still heartbreaking tho ",,
0,1793818232,Thu May 14 04:05:30 PDT 2009,NO_QUERY,chelseasaywhat,headaches suck. ,,
0,1793818733,Thu May 14 04:05:35 PDT 2009,NO_QUERY,codeyblevins,I'm all wet ,,
0,1793818925,Thu May 14 04:05:38 PDT 2009,NO_QUERY,Aimo87,Can't believe how quick this week has gone!! Back to Canada on Sunday ,,
0,1793818949,Thu May 14 04:05:38 PDT 2009,NO_QUERY,theswatchaholic,Headache... again ,,
0,1793818973,Thu May 14 04:05:38 PDT 2009,NO_QUERY,im_jzee,@_leirion Why  ?,,
0,1793819557,Thu May 14 04:05:45 PDT 2009,NO_QUERY,candiesandmusic, 68 new results in 5 minutes, replies for @DavidArchie.  He'll never get a chance to reply.,
0,1793819813,Thu May 14 04:05:48 PDT 2009,NO_QUERY,a_leach,It looks like it is going to rain. I don't like the rain. ,,
0,1793819906,Thu May 14 04:05:49 PDT 2009,NO_QUERY,billplease,Hmmmmm...obviously not.  Back to the drawing board tonight ,,
0,1793820031,Thu May 14 04:05:51 PDT 2009,NO_QUERY,Synoiz,"Doh and now I'm bidding on a G1 Android phone on eBay, I totally forgot it was #synoiz_haemorrhaging_money day  Excited about London tmrw!",,
0,1793820061,Thu May 14 04:05:51 PDT 2009,NO_QUERY,tall_mike,At work at 7am ,,
0,1793820077,Thu May 14 04:05:51 PDT 2009,NO_QUERY,Jesika_Rose,revising buisiness studys ,,
0,1793820543,Thu May 14 04:05:57 PDT 2009,NO_QUERY,juwho,Im 95% sure i am not getting out of here on time ,,
0,1793820630,Thu May 14 04:05:58 PDT 2009,NO_QUERY,babybigmouth,my son has developed the new habit of waking up at 5:30am   I'm on my second POT of coffee,,
0,1793820812,Thu May 14 04:06:00 PDT 2009,NO_QUERY,paramoreroxx,looks like my routers broke  more tweets from my fone then,,
0,1793820858,Thu May 14 04:06:00 PDT 2009,NO_QUERY,beckypope,i really dont want to be in college right now.. wish it was sunny  !!,,
0,1793820982,Thu May 14 04:06:02 PDT 2009,NO_QUERY,XMissxXxMurderX,@flossa  *offers you pepto*,,
0,1793821002,Thu May 14 04:06:02 PDT 2009,NO_QUERY,louiseydeesy,@JosieHobo I WOULD SOOOOO BE THERE IF I DIDN'T HAVE REVISION TO DO ,,
4,1879943219,Thu May 21 23:36:24 PDT 2009,NO_QUERY,redcomet81,@MsTeagan ...and by the way: I rewatched Sun Goddess last night. You and Sasha was amazing. I could watch that movie over and over! ,,
4,1879943230,Thu May 21 23:36:24 PDT 2009,NO_QUERY,CheekiThaSinger,@Dr3ezii you'll prolly wake up 2 this tweet..Hope ur day is gud and S T R E S S F R E E lol  text me.,,
4,1879943288,Thu May 21 23:36:25 PDT 2009,NO_QUERY,miss_phobia,has planned the young adult retreat with Valerie...and finally it's come! Going to be in Santa Cruz with bible study pals this weekend ,,
4,1879943323,Thu May 21 23:36:27 PDT 2009,NO_QUERY,IAmJMAck,@AubreyODay Aubrey u gotta follow me  and r u still singing or what???,,
4,1879943364,Thu May 21 23:36:25 PDT 2009,NO_QUERY,DanielKagle,@Ammirelle  I love you ,,
4,1879943388,Thu May 21 23:36:26 PDT 2009,NO_QUERY,TiffanyNicoleN,The Gossip Girl season finale was AMAZING! I can't believe Dan and Serena's brother found them   Watching CSI:NY now ,,
4,1879943407,Thu May 21 23:36:26 PDT 2009,NO_QUERY,Rhuffles,@leafletter grats on all that ,,
4,1879943434,Thu May 21 23:36:26 PDT 2009,NO_QUERY,tooonico,@steph_davies Yeah. ,,
4,1879943447,Thu May 21 23:36:26 PDT 2009,NO_QUERY,zey_rochelle,My shortest workout of the week but yet the one that had me sweat the most. Time to shower ,,
4,1879943452,Thu May 21 23:36:26 PDT 2009,NO_QUERY,jonas3d,Heh got my sister using a Linux liveCD on her school laptop till she can have it sent in or they give me a xp serial ,,
4,1879943611,Thu May 21 23:36:28 PDT 2009,NO_QUERY,mikeyb25,is really looking forward to seeing @TheConeZone &quot,Tonight Show&quot, premiere LIVE in the audeince!  
4,1879943639,Thu May 21 23:36:28 PDT 2009,NO_QUERY,eloiseluvsellen,Is off to see amy! i've missed amy like so much too! and we get to watch twilight! what a great night! ,,
4,1879943737,Thu May 21 23:36:29 PDT 2009,NO_QUERY,mahalmanzana,@GABBYiSACTiVE starbucks open this late? Lucky u ,,
4,1879943749,Thu May 21 23:36:30 PDT 2009,NO_QUERY,guillorama,@ticklemeAli do it all for the paper staxx! ,,
4,1879943752,Thu May 21 23:36:30 PDT 2009,NO_QUERY,jessi_LP,shopping ,,
4,1879950708,Thu May 21 23:37:49 PDT 2009,NO_QUERY,siggybebop,@SupriyaMM not good. It's ~4:40pm here now....so really I can knock off in about 1/2 hr ,,
4,1879950906,Thu May 21 23:37:51 PDT 2009,NO_QUERY,caitak,"@sleepycatt yep, they are. Hopefully later this week  Hope your leg's feeling better.",,
4,1879950913,Thu May 21 23:37:51 PDT 2009,NO_QUERY,vegaspens,DJ Dax - The one who had the mad skills at school tonight! Check him out!  http://www.myspace.com/daxlewin,,
4,1879950978,Thu May 21 23:37:52 PDT 2009,NO_QUERY,cybergus,@MsBlackFoto I receive your DM but I cannot reply bcause u r not following me. Anyway thank you ,,
4,1879951061,Thu May 21 23:37:53 PDT 2009,NO_QUERY,philiplaureano,@tehlike Ok now it's serializing...now I just have to deserialize the interceptor and this LinFu 2.0 will have a serializable proxy ,,
4,1879951097,Thu May 21 23:37:54 PDT 2009,NO_QUERY,limeice,"@realin Thanks ji, tussi great ho ",,
4,1879951190,Thu May 21 23:37:55 PDT 2009,NO_QUERY,alyssacasillas_,@taylorswift13 so i just got back from your show in az...one word amazing ,,
4,1879951203,Thu May 21 23:37:55 PDT 2009,NO_QUERY,ialejandro,"@jawjjj great when you bake I will want to sample everything, not good ",,
4,1879951209,Thu May 21 23:37:55 PDT 2009,NO_QUERY,DanielleHeffron,Graduation party was a success.  I cleaned up everything &amp, now looking at the pictures I took.,
4,1879951211,Thu May 21 23:37:55 PDT 2009,NO_QUERY,SunshineeKiid,"@BethxCore Hello, thanxx for the follow, how are you?  ",,
4,1879951326,Thu May 21 23:37:57 PDT 2009,NO_QUERY,louiealdip,@pawwycute i love this song! ,,
4,1879951379,Thu May 21 23:37:57 PDT 2009,NO_QUERY,smabla,says good morning loves! Woke up to THE most glowing feedback in Black Daisy. I'm sailing high.  http://plurk.com/p/veog3,,
4,1879951414,Thu May 21 23:37:57 PDT 2009,NO_QUERY,jahCITY,Night tweet-a-leets  I have to find salim now !,,
4,1879951446,Thu May 21 23:37:58 PDT 2009,NO_QUERY,marianroja,@supahdupahwoah hey dude! I miss the David-David concert. David Archuleta was so cute. :d I hope they would come back here soon. ,,
4,1879951467,Thu May 21 23:37:58 PDT 2009,NO_QUERY,titafm,@mizselle we're going to SD to shoot my friend's engagement photos.. also for DISNEYLAND ,,
4,1879951470,Thu May 21 23:37:58 PDT 2009,NO_QUERY,mishilicoux31,"i`m so bored. :| hmpf. btw, i`m done editing some pics.  weeee. )",,
4,1879951534,Thu May 21 23:37:59 PDT 2009,NO_QUERY,Pinot007,"This woman is speaking Japanese to me..ummm, slow down..slow down.. Precious moments..! ",,
4,1879951536,Thu May 21 23:37:59 PDT 2009,NO_QUERY,RebeccaLouiseA,One more day of school and then a week off  I really need a tan!!!,,
4,1879951562,Thu May 21 23:37:59 PDT 2009,NO_QUERY,djplaygurl,and www.asiaclassifiedtoday.com its all about free posting of ads in the philippines and in asia if u like to post some  thanks,,
4,1879951576,Thu May 21 23:37:59 PDT 2009,NO_QUERY,rissav0511,Just got back after a week and a half away from work. Still ... am really looking forward to a long weekend! ,,
4,1879951600,Thu May 21 23:38:00 PDT 2009,NO_QUERY,Jessg85,@mikesage86 lol ur prob gona think its lame but im going to the Pussycat dolls concert tmrw night  thats my highlight. wat bout u?,,
4,1879951695,Thu May 21 23:38:01 PDT 2009,NO_QUERY,hocthongau,Home with babes ,,
4,1879951754,Thu May 21 23:38:01 PDT 2009,NO_QUERY,uilcrw,"Wooohoo! Waaaarrr! http://bit.ly/gbbpz  Weapon of choice: SoapUI  But first Groovy for token,token,token, @#$%Token",,
4,1879951795,Thu May 21 23:38:02 PDT 2009,NO_QUERY,MrChupaChuck,WishEveryoneandMeGoodLuck! See Yah Twitter in 40 Hrs.! ,,
4,1879951835,Thu May 21 23:38:02 PDT 2009,NO_QUERY,Cari_Sevenfold,Pendulum's on   another plus to it: IT'S A LIVE VIDEO!!! &lt,3 the live video's ,
4,1879951904,Thu May 21 23:38:03 PDT 2009,NO_QUERY,Pia_Pavlove,Up since 7:00 am. Waaaay too early. [= Shopping today. I ? shoes.  SOme nice Nikes would be fine. I want that txt thing in germany! xD &lt,3,
4,1879951942,Thu May 21 23:38:03 PDT 2009,NO_QUERY,Miss__Anne,Weekend... YAY! Cold... YAY! Much yayness going on here ,,
4,1879951968,Thu May 21 23:38:03 PDT 2009,NO_QUERY,BelleRuss,@TahneishaN  thanks Mama T,,
4,1879952243,Thu May 21 23:38:06 PDT 2009,NO_QUERY,nicktuckerrr,@JayLostprophets thanks for the help. It's 4.98 on amazon so i'll go for that ,,
4,1879952249,Thu May 21 23:38:06 PDT 2009,NO_QUERY,ginellem,@amilya and thanks 4 sending hugs! I needed them ,,
4,1879952292,Thu May 21 23:38:07 PDT 2009,NO_QUERY,MakiGalleta,"@Jonasbrothers I hope the guy from the road, the one that made you do the Yingo signal (Y), make you laght, I hope you came back to Chile ",,
4,1879952339,Thu May 21 23:38:07 PDT 2009,NO_QUERY,pishka,Ugh. I need to sleep. Goodnight. ,,
4,1879952367,Thu May 21 23:38:08 PDT 2009,NO_QUERY,rumpledoodles,@AngMoGirl sounds like singaporeans alright =p breatheeee ,,
4,1879952416,Thu May 21 23:38:08 PDT 2009,NO_QUERY,prettyprettynat,I have the sweetest boyfriend ever ,,
4,1879952450,Thu May 21 23:38:09 PDT 2009,NO_QUERY,ThePirateSaint,I'm craving poison kisses. In the rain. ,,
4,1879952495,Thu May 21 23:38:09 PDT 2009,NO_QUERY,sherrykirksy,"Time to turn in.  Goodnight, Tweeties...hasta luego ",,
4,1879952496,Thu May 21 23:38:09 PDT 2009,NO_QUERY,wantstar,@beist thank you thank you! ,,
4,1879952588,Thu May 21 23:38:10 PDT 2009,NO_QUERY,TheRealJerri,@RadiumX have fun catch ya later ,,
4,1879952597,Thu May 21 23:38:10 PDT 2009,NO_QUERY,WiltingSoul,"I love a boy who likes animals, especially dogs. Makes him that much hotter. ",,
4,1879952636,Thu May 21 23:38:13 PDT 2009,NO_QUERY,davidatsg,@jeremi not really... they don't need such publicity i guess. ,,
4,1879952659,Thu May 21 23:38:11 PDT 2009,NO_QUERY,planetrobsite,@pocketedward but your one of the most loved action figures tho ,,
4,1879952682,Thu May 21 23:38:11 PDT 2009,NO_QUERY,ACTS,"http://twitpic.com/5ofuy - Me getting ready for the last time,looking like a right herbert ",,
4,1879952698,Thu May 21 23:38:11 PDT 2009,NO_QUERY,EmCDL,@hot_biscuits cool thanks ,,
4,1879952790,Thu May 21 23:38:13 PDT 2009,NO_QUERY,VFCsMiss,@jaykpurdy Damn When Youre Sleeping You Look Sooooooo  Damn HOT !! Well You Always Do Look Hot  !!... Love You So !! Liva __X,,
4,1879952870,Thu May 21 23:38:13 PDT 2009,NO_QUERY,DaWaBZ94,http://twitpic.com/5ofv3 - @ejr44 your pix slightly changed, what do you think ? ,
4,1879952894,Thu May 21 23:38:14 PDT 2009,NO_QUERY,gurdeepak,Hi @midlifechick: Found you through @MrTweet. ,,
4,1879952922,Thu May 21 23:38:14 PDT 2009,NO_QUERY,loborohan,@sruthyskhan any invites going out for todays lunch???? am interested ,,
4,1879952927,Thu May 21 23:38:14 PDT 2009,NO_QUERY,Leaflock,"@wetaworkshop Loved the last podcast! Richard mentioned some exciting stuff, and Shane is such a cool Kiwi. Nice job ",,
4,1879952967,Thu May 21 23:38:14 PDT 2009,NO_QUERY,Monkeymusic15,hahaha. i'm still learning about twitter... ,,
4,1879952986,Thu May 21 23:38:15 PDT 2009,NO_QUERY,michebuckingham,Be hopeful that God has a purpose for everything that we go through!  He will help us rise above everything! ,,
4,1879953073,Thu May 21 23:38:16 PDT 2009,NO_QUERY,Juliannegrace, tonight was a good night.,,
4,1879953094,Thu May 21 23:38:16 PDT 2009,NO_QUERY,Nubiasnonsense,Dyed my hair blonde again for the spring!! Goodnight tweets... New blog post by tomorrow night ,,
4,1879953107,Thu May 21 23:38:16 PDT 2009,NO_QUERY,PeanutGregory,haha bus ride home was sooo freaking fun. I made friends with everyone  bahaha,,
4,1879953113,Thu May 21 23:38:16 PDT 2009,NO_QUERY,Sahardeharhar,@urbanflowrchild follow @danielspengies  join the conversation.,,
4,1879953123,Thu May 21 23:38:16 PDT 2009,NO_QUERY,Florina_B,"@Mihnea One hand raised tonight at #OC2009, can't wait ",,
4,1879953165,Thu May 21 23:38:17 PDT 2009,NO_QUERY,markohatma,http://twitpic.com/5ofu1 mie bakso laksana! the oldest and bestest mie cina sunda in all of tasik  u just cant stop eating here!!,,
4,1879953236,Thu May 21 23:38:18 PDT 2009,NO_QUERY,aworkingtitle,"@malkavscell yes, I can see that. ",,
4,1879953282,Thu May 21 23:38:18 PDT 2009,NO_QUERY,LexiePixie,Oops......@zoriancrx  #followfriday #followlove,,
4,1879953299,Thu May 21 23:38:18 PDT 2009,NO_QUERY,christinemadray,"See you people later, sleepy now ~_~ Gnight / Morning, it's pretty early right now ",,
4,1879953318,Thu May 21 23:38:19 PDT 2009,NO_QUERY,SouljaGirlALWZ,@ArabGirlALWZ i wanna tell @BLAHSODMG but i can't or it'll ruin the secret ,,
4,1879953323,Thu May 21 23:38:19 PDT 2009,NO_QUERY,adamiaxo,MDW !! WildNess ,,
4,1879953328,Thu May 21 23:38:19 PDT 2009,NO_QUERY,dagbo,"what...a....nice...day. It will be a calm, happy one ",,
4,1879953351,Thu May 21 23:38:19 PDT 2009,NO_QUERY,Sary_Fernandez,http://twitpic.com/5oft1 - This is about 1977. Check out those shoes...  ,,
4,1879953362,Thu May 21 23:38:19 PDT 2009,NO_QUERY,mickywilson,"Thank god it's Friday, bring on the bank holiday festivities ",,
4,1879953454,Thu May 21 23:38:20 PDT 2009,NO_QUERY,JOHNTYLERHOBBS,is re-reading Harry Potter and the Deathly Hallows ,,
4,1879953517,Thu May 21 23:38:21 PDT 2009,NO_QUERY,gerrymoth,"@hyraxmedia No problem, will have a good play with everything over the extended weekend and let you know if i find any problems ",,
4,1879953529,Thu May 21 23:38:21 PDT 2009,NO_QUERY,Christiegarcia,@HawaiiRealty Goodnight my friend! Sweet dreams! God Bless! ,,
4,1879953555,Thu May 21 23:38:21 PDT 2009,NO_QUERY,eviltammy,@Ithildyn and that's why I was musing about cat dancing ,,
4,1879953592,Thu May 21 23:38:22 PDT 2009,NO_QUERY,quietlyfallen,"@dnixx Heh, at least the proceeds from the downloads are going to a good cause. ",,
4,1879953648,Thu May 21 23:38:22 PDT 2009,NO_QUERY,pjaramirez16,http://twitpic.com/5ofvq - This is our backyard before... We Have Chickens...  Whoot!,,
4,1879953675,Thu May 21 23:38:23 PDT 2009,NO_QUERY,tiphereth,@acatinatree  aww shucks! thanks ,,
4,1879953713,Thu May 21 23:38:23 PDT 2009,NO_QUERY,kath_choa,@samantharonson http://twitpic.com/5no14 - you should go to the fort tonight. that's where the party scene's at. ,,
4,1879953775,Thu May 21 23:38:24 PDT 2009,NO_QUERY,ruhanirabin,#followfriday @Da_evil thanks a lot  a   l o t ,,
4,1879953783,Thu May 21 23:38:24 PDT 2009,NO_QUERY,lollerscerise,is in naomi's house !  (dance) http://plurk.com/p/veojw,,
4,1879953800,Thu May 21 23:38:24 PDT 2009,NO_QUERY,_rachaelll,tonight tonight tonight   ,,
4,1879953853,Thu May 21 23:38:25 PDT 2009,NO_QUERY,kmsd1098,@twinsoldlady I LOVE YOU  ,,
4,1879953886,Thu May 21 23:38:25 PDT 2009,NO_QUERY,chicalta,"most ppl wanna be successful, well...i just wanna b H A P P Y ",,
4,1879953996,Thu May 21 23:38:26 PDT 2009,NO_QUERY,cathylofran,"Message sending failed. Hmm, maybe it's a sign? Ohwelll.. Maybe one dayy you'll find it ",,
4,1879954015,Thu May 21 23:38:27 PDT 2009,NO_QUERY,surferchixs03,@beachit23: Awww that's sweeet! U so love nick! ,,
4,1879954084,Thu May 21 23:38:27 PDT 2009,NO_QUERY,BrikalaChicka24,"Mmm... gotta love wine after work  Massages too, but no one is up for giving me one.",,
4,1879954097,Thu May 21 23:38:28 PDT 2009,NO_QUERY,Georgiiaababes,"So far this week's been amazing, can't wait for tonight! ",,
4,1879954213,Thu May 21 23:38:29 PDT 2009,NO_QUERY,alderb,@TPO_Hisself Sounds like a plan! LOL! ,,
4,1879954256,Thu May 21 23:38:29 PDT 2009,NO_QUERY,nateg_au,loves it when he gets a sudden burst of motivation! ,,
4,1879954289,Thu May 21 23:38:30 PDT 2009,NO_QUERY,LizMcAndrew,is pretty confident that i love jersey. Blink tickets go on sale in 8 days. stoked. ,,
